path,kind,subsystem,lines,bytes,sha256
Assets/Config/Abandon City Mod.xml,xml,BUG plugin configuration,40,1288,6b90e2b2f3fcc0de1e3820e2b05abd7d3838a50715fedca61fcf00c2b49e158d
Assets/Config/Advanced Combat Odds.xml,xml,BUG plugin configuration,78,3035,1b7a31616a7df767c4cd145447fa358a4d521510c8bdaf69f85312dd0cb918d9
Assets/Config/Advanced Scoreboard.xml,xml,BUG plugin configuration,134,6745,cc2a42d6a1853c6f094d0dd9d84be0a3f1c4dd95a0f4101418a301a231f58fe3
Assets/Config/All Eras Dawn of Man Screen.xml,xml,BUG plugin configuration,20,556,03b97b3213afe7911f0345acb766d877e9bc200d7d169926651dc4338fcda925
Assets/Config/AutoSave.xml,xml,BUG plugin configuration,38,1018,ab999bb68e011593a8b3728d48f3675f00c89ee177609e0d0469390e82a660d1
Assets/Config/Autolog.xml,xml,BUG plugin configuration,262,12311,ac9d390a1aaeac216470f1bd8eabe997fd6543b030d82b9db8f4aaa564273735
Assets/Config/BUFFY.xml,xml,BUG plugin configuration,31,857,ba4e6ac210c0308dbb38327ac3b745657ad302149c18f3f538eba775edea1865
Assets/Config/BUG Advisors.xml,xml,BUG plugin configuration,116,4671,595367117b579638e2ba9896572f85b05f154edcad1fca6747661c711f7fe478
Assets/Config/BUG City Screen.xml,xml,BUG plugin configuration,123,5903,14e9787120fbf5c5824b2e2f36e7b10e4955ff384e8026b0dda039accaba9ac0
Assets/Config/BUG Config.xml,xml,BUG plugin configuration,48,1950,cb6201f3e4ec2afc1dd455f497635c8c046fd3a7f1ca99fc140e70b001f01a9c
Assets/Config/BUG Core.xml,xml,BUG plugin configuration,112,4942,a956e5832802d7c90af25796d395eec27c615e40888f060ce47f30624a69789a
Assets/Config/BUG Main Interface.xml,xml,BUG plugin configuration,110,4432,30eb0e149254172d259ff407d97f6e6d9aec571faa3576b33b9b80442b25407f
Assets/Config/BULL Actions.xml,xml,BUG plugin configuration,41,1277,fb89dcc31f97b3f41e20284ca080c068c347e3bf56ac4bf5c84e530c8b2e5ba7
Assets/Config/BULL City Bar.xml,xml,BUG plugin configuration,72,2330,ec1197c7fd73e4cf23c6e333ac72b62c3a40611953912cc17125c5b593f1f43f
Assets/Config/BULL Core.xml,xml,BUG plugin configuration,25,694,c6d9949a1236513e49eb3533acd1b62ce01f8a44548f7fbbebba8f5b473151aa
Assets/Config/BULL Misc Hovers.xml,xml,BUG plugin configuration,103,3789,ab2c135285b0fa4bbf4b686156b523bcbc44a96265aec1e35fff748c09151fc9
Assets/Config/Better Espionage.xml,xml,BUG plugin configuration,81,3618,e020bebe22b6a3ff31475c7ad7fba8210937e7ec5b3563445abb9799a9382aa7
Assets/Config/Civ4lerts.xml,xml,BUG plugin configuration,116,5504,e1b3fc8e5c587ad40398920d8bf01400f5397fb9889a6be637ed68ddf04523c2
Assets/Config/Customizable Domestic Advisor.xml,xml,BUG plugin configuration,68,3102,64241385206a5681f960a1118866444d458757d19ef99159d0cc02cd85235dd7
Assets/Config/EnhancedTechConquest.new.xml,xml,BUG plugin configuration,27,1252,d7c11e3929f81509e4714bda47165569c14d4671363c561b836610cc1798e756
Assets/Config/EventSigns.xml,xml,BUG plugin configuration,31,800,1ef5609c61abb543bad1530726a01a45e87cbb390927d885812cd5dff85ca300
Assets/Config/FavoriteCivicDetector.xml,xml,BUG plugin configuration,16,415,041a553bef9bd0cf6fb21ca70fa1d51827004a1be7fc85b9d44103a38642a5cd
Assets/Config/MapFinder.xml,xml,BUG plugin configuration,53,1867,6f0611b06ab298de9361929b69e7e5348504df59aaf7ea9fae89cf9234de55c3
Assets/Config/MoreCiv4lerts.xml,xml,BUG plugin configuration,90,3984,44256a48b5f0970e808c0459b87257efe8cc40a988a506220efa5229a1e48c67
Assets/Config/MovieMod.xml,xml,BUG plugin configuration,5,247,875470a2dbc1781938bcaa3d9e3d6d8ba61545a3949333e55599e7564ac38db4
Assets/Config/Not Just Another Game Clock.xml,xml,BUG plugin configuration,141,7033,0c1f2493a493b322591d71a92b4d50069d665313ed877a75db958d1b910bb897
Assets/Config/Plot List Enhancements.xml,xml,BUG plugin configuration,183,8029,27db191c17bcf3b4503eab526c317be6a694d8e54df02c2575a65af1e5106a5d
Assets/Config/Reminder.xml,xml,BUG plugin configuration,39,1164,5ce0fe293aae58746ec55a564d5d9bff5f19b294c9d2aeb9ba1b943f30bd9bbc
Assets/Config/RevDCM.xml,xml,BUG plugin configuration,156,6723,607f6ff666fae980a435e2149f8a1f9c3a07334b78ea11de0714b67f60bbef15
Assets/Config/Revolution.xml,xml,BUG plugin configuration,128,9454,f358f533a6391fe4433596c37be88bf7c5b5e615d1da563628fbb21850df9bc8
Assets/Config/RoMSettings.xml,xml,BUG plugin configuration,41,1370,186ca2ae4bc704df48f4e1abe5a85cc23e103879ff76f99081e0fae77b01986c
Assets/Config/StatusDump.xml,xml,BUG plugin configuration,27,710,79186bd89172e260857823ae41329ff8c9e90e3524d7d129642d5d75ab580240
Assets/Config/Strategy Overlay.xml,xml,BUG plugin configuration,102,2979,23c331ea2ebf1860c745277862403c5c7865290a6c2799d2fb7c3e8d96cc8f15
Assets/Config/TechWindow.xml,xml,BUG plugin configuration,31,967,cb2bdaa8dff77ca205ea844ec0ba8e266a55370c95a0547457ae606413c38af3
Assets/Config/Unit Naming.xml,xml,BUG plugin configuration,113,4551,38027488d3ad521c280ab90457f33d507e09e2901c3f2b71734fb50f9f84dac4
Assets/Config/init.xml,xml,BUG plugin configuration,204,6176,c5a697d139ab16571433572d943b10e5863424d5145f437376e9d4e596bde446
Assets/CvGameCoreDLL/AICityGovernorPolicy.h,h,Native engine and AI,154,5286,d3880fc7ec50941194c3df6a3490e500f5028bc613e6c9e7b484d3301641304a
Assets/CvGameCoreDLL/AICivicPolicy.h,h,Native engine and AI,58,2453,ad3f948954e0c2ae182b2deb6f3e854d3e9adea15ffccbc02ba907721a4a1bf3
Assets/CvGameCoreDLL/AIDecisionPolicy.h,h,Native engine and AI,74,3041,9c9000d44297dcae6cf9b8ce9096ab1ba90528a22bb6dc2730353c9d9b627c61
Assets/CvGameCoreDLL/AIDiplomacyPolicy.h,h,Native engine and AI,48,1526,61e58342dbe4a8a166182c98f68adb97634805a0b183c4491dffde510e190559
Assets/CvGameCoreDLL/AIFeedbackPolicy.h,h,Native engine and AI,91,3192,32d7571bb52297bcd7f37ebe8856867a3102edb58a2a387df70dc5ec74660b8f
Assets/CvGameCoreDLL/AIFlavorPolicy.h,h,Native engine and AI,23,698,d6853c2216b9aa989d996037bb97068784e1737da5b75b385d7124e2fb408372
Assets/CvGameCoreDLL/AIHierarchyPolicy.h,h,Native engine and AI,164,5764,a93abd4c85e23d5dbd1721855f90cb0b2c4d6d0825b6bafa1cdfb1d25d0ff16c
Assets/CvGameCoreDLL/AIPathPolicy.h,h,Native engine and AI,56,1412,476ad7f3bdf3bfc3b2a94c9ffe5ac138094137b18dc237b71e49e59adf15c9e2
Assets/CvGameCoreDLL/AIProductionChainPolicy.h,h,Native engine and AI,34,1192,247efaec119f565548e62912a6911ec94f0b27d07ba5468948f68dfe6f2ba922
Assets/CvGameCoreDLL/AIResearchPolicy.h,h,Native engine and AI,40,1245,8d29e29c42774fd02b9ea01f5120a1bfee72f0fccf8222bcce34de8387f574f0
Assets/CvGameCoreDLL/AISettlementPolicy.h,h,Native engine and AI,71,2872,693340d85f606c8a5d3ef76eeb166d9ebc54e8557c82c5240c10f3f9918b84e4
Assets/CvGameCoreDLL/AIStrategicContextPolicy.h,h,Native engine and AI,92,2983,d20f3a0d09dfd6a95769377419da040dea274402d8972b7dde2094100a992b92
Assets/CvGameCoreDLL/AIWellbeingPolicy.h,h,Native engine and AI,42,1088,8e49677f4eb2d300bfc29c8c6d770a1633422185c45b163ffe2187092758924a
Assets/CvGameCoreDLL/AI_Defines.h,h,Native engine and AI,75,3503,28a4947a59a7333ee8c350e2f6804817952c9f379b3bc8ffbd690f1d01325fc0
Assets/CvGameCoreDLL/BetterBTSAI.cpp,cpp,Native engine and AI,14,267,91827adfd0ba67a8692000ee7e6123c00aa8352aa62432e1c4a6fda911dd48d5
Assets/CvGameCoreDLL/BetterBTSAI.h,h,Native engine and AI,27,510,729bb5dc89f2cd2f5f9f50a655670a04ca80891ca7e7bf9ebb5db805d99b6c41
Assets/CvGameCoreDLL/CvArea.cpp,cpp,Native engine and AI,1029,26504,30f950965163b798b2f124b22dff86a7fed80428e95cb5f68124c9f20e056444
Assets/CvGameCoreDLL/CvArea.h,h,Native engine and AI,167,5914,fbfbf672e6666fb1c336f2ccb1f911a5b10360bc2047ef3ba16a8c570edf987f
Assets/CvGameCoreDLL/CvArtFileMgr.cpp,cpp,Native engine and AI,183,5279,90393f5993df4c50c2045da7036b4180a61093f1df2d95f1ae54601e2a33ec26
Assets/CvGameCoreDLL/CvArtFileMgr.h,h,Native engine and AI,113,3431,46286ba9554fe2704721b384eea2bdbe09c0256c846274fb5ff508f1df3a63b9
Assets/CvGameCoreDLL/CvBugOptions.cpp,cpp,Native engine and AI,126,2511,e03b92874ed8885a13c5c0b7dfd494c4c2986268375dee91251e03d209ec0db4
Assets/CvGameCoreDLL/CvBugOptions.h,h,Native engine and AI,35,1022,9811124c2e9d2c28ac51829d30229be414ae08a5520ead02bd4a3192fe574e86
Assets/CvGameCoreDLL/CvCity.cpp,cpp,Native engine and AI,16292,466734,2efc5589f8f48beb448105e97591512b1b755dd5f37cd0a6531d370ea661d226
Assets/CvGameCoreDLL/CvCity.h,h,Native engine and AI,1406,76986,7e0f5ca95faacaca2040ff01ea99370435a67768b41eabfddc57d4869792b218
Assets/CvGameCoreDLL/CvCityAI.cpp,cpp,Native engine and AI,13691,469379,4cd3f832856549a4d34ec2ba26a54a75a09246f46bf9b5f21f683d2619d59291
Assets/CvGameCoreDLL/CvCityAI.h,h,Native engine and AI,280,12802,844e6e3ac254ab6153f1267b50880f3d3003eebf3b0b61eb63e5e5efe0923b5c
Assets/CvGameCoreDLL/CvDLLButtonPopup.cpp,cpp,Native engine and AI,2646,98258,b10c71f5f6cf51f07dc7008be1b32520a3b239746a116086c2a98db3767db3ee
Assets/CvGameCoreDLL/CvDLLButtonPopup.h,h,Native engine and AI,71,3119,6cc3b84c9314a69a5ac19bfcaa4a2b6aed84442a6272ea917fb6a09e0792de2c
Assets/CvGameCoreDLL/CvDLLDataStreamIFaceBase.h,h,Native engine and AI,2,14,36e9230ecfd5ad50be0570ed21e161390170ced61b0bd53cd140b3afe2868408
Assets/CvGameCoreDLL/CvDLLEngineIFaceBase.h,h,Native engine and AI,99,4141,ae8821aab69a1d80b5c5ca08ba7594e660fa94b3a5071a141c2a2d7b11af21df
Assets/CvGameCoreDLL/CvDLLEntity.cpp,cpp,Native engine and AI,94,2070,58971b502c3ef8a05725e72604e7c132b43edca179027e803ee621da460ca516
Assets/CvGameCoreDLL/CvDLLEntity.h,h,Native engine and AI,63,1866,dbb1ce27738eb59354e35fd83c5fb36eba5d58e53274d62f152740ee858dd3c9
Assets/CvGameCoreDLL/CvDLLEntityIFaceBase.h,h,Native engine and AI,53,3036,b0c69a758902bf7f62a10999a1dc2c313696ad26cc5d8434ace560e215a76535
Assets/CvGameCoreDLL/CvDLLEventReporterIFaceBase.h,h,Native engine and AI,104,5138,7c3ea0ad2060797146f1a8599c5fbcb35036eeafe1755e0ad0bb87d495eaf8c7
Assets/CvGameCoreDLL/CvDLLFAStarIFaceBase.h,h,Native engine and AI,37,1424,88fdc65836dced9400179049ca8d9ee095b36ff37ee5521488e713277a025120
Assets/CvGameCoreDLL/CvDLLFlagEntityIFaceBase.h,h,Native engine and AI,44,1887,d981f0d7b7bc6183520b4692e5e2c03f8700e51754fe9fd56b3e10f53d8aef03
Assets/CvGameCoreDLL/CvDLLIniParserIFaceBase.h,h,Native engine and AI,24,890,8eb24ad477776b7c046b643ce066a20df7eee5aee742c3c59f465438bc0ec12b
Assets/CvGameCoreDLL/CvDLLInterfaceIFaceBase.h,h,Native engine and AI,219,10298,c6755de258ccc0976448d325e15987c8658c25e0481db733d34bda45373e461e
Assets/CvGameCoreDLL/CvDLLPlotBuilderIFaceBase.h,h,Native engine and AI,26,664,18ba6b019ad6cf0fcb5bd30db1152d396c8c9e64f563f35c9ea5b9fedc0e1bd9
Assets/CvGameCoreDLL/CvDLLPython.cpp,cpp,Native engine and AI,99,4623,f5336bcbf3c357e5670e4621713655eae5d10325a13948a20eb911c5e39c79d4
Assets/CvGameCoreDLL/CvDLLPythonIFaceBase.h,h,Native engine and AI,167,4527,9ee2b76090f181f7aafdba47cf2fa8ec49c37de7da4dae5382ecf5baa12de5c3
Assets/CvGameCoreDLL/CvDLLSymbolIFaceBase.h,h,Native engine and AI,83,3449,9e0482a82917bdf3b95fa0a5ca9da7047ef0c3b370ce51b0e5c5ee308bd9240f
Assets/CvGameCoreDLL/CvDLLUtilityIFaceBase.h,h,Native engine and AI,255,10855,f39eb042e2a3bca04d55290c89388070a997aecb7413e0a55bbc736eea76899e
Assets/CvGameCoreDLL/CvDLLWidgetData.cpp,cpp,Native engine and AI,6073,206320,8d5a22d4f33d967440aae46c94d4a58a425f5a71911357746ef7e0446f8c4bf9
Assets/CvGameCoreDLL/CvDLLWidgetData.h,h,Native engine and AI,238,16191,df02b245fbf105706e70fe6ed9b843ff89ec2fb044c21dcbcd6b000b4912c9de
Assets/CvGameCoreDLL/CvDLLXMLIFaceBase.h,h,Native engine and AI,108,6612,f8665be614f896102f9f93ff20ebfdaf79ea0b5cbf4639dcf6cfa48dcffc5f11
Assets/CvGameCoreDLL/CvDeal.cpp,cpp,Native engine and AI,1385,46319,d79677ae41f4c59c38819b68fc66f052fda17c0146ca57e0848861bc75f77f02
Assets/CvGameCoreDLL/CvDeal.h,h,Native engine and AI,97,3098,b14744d0ccde94d40189f16cf5702fe610d307d84cbaace401b3367b09c6d305
Assets/CvGameCoreDLL/CvDefines.h,h,Native engine and AI,152,7331,54b4393b3a84cc76897da79f78661258270fd48062f9c09554083141cf0d82fb
Assets/CvGameCoreDLL/CvDefinesModTools.h,h,Native engine and AI,55,3828,ccc44bc9c918a755fdaaae4879f4c9dfe4a829425c65fe99803cbf8a34db74b6
Assets/CvGameCoreDLL/CvDiploParameters.cpp,cpp,Native engine and AI,270,5950,d59fd9c7c24622cb622f7ff3014a250f01ecd963e985b7f3608d0f72ace97fbc
Assets/CvGameCoreDLL/CvDiploParameters.h,h,Native engine and AI,71,3048,4cc49f0008369d2704858202c7b669ef0c43b2cd9f6bf6adfb64bb5ac9760113
Assets/CvGameCoreDLL/CvDllPythonEvents.cpp,cpp,Native engine and AI,1352,35349,e5bdf501b5722a221e36aa904bd21149d7f15e2ebce36480bcc1aa23c6df7b4b
Assets/CvGameCoreDLL/CvDllPythonEvents.h,h,Native engine and AI,136,7043,d6b81a48b85533db642c47a602ae1973c95570ee81dd63902326de866d1c584c
Assets/CvGameCoreDLL/CvDllTranslator.cpp,cpp,Native engine and AI,139,5801,bdbfcac663594dcef16648c8d7099706e218d59e578a77308f3f87dc5bcb3fa1
Assets/CvGameCoreDLL/CvDllTranslator.h,h,Native engine and AI,12,611,aec444d2918c00a0d1c007f9588bd05de48afbd8d18eac3b2c9a0628d7d923eb
Assets/CvGameCoreDLL/CvEnums.h,h,Native engine and AI,2932,64864,7a8a4769d01feaeb9c7e975631764b89532a20b6405b7b3fda861f38fe989a70
Assets/CvGameCoreDLL/CvEventReporter.cpp,cpp,Native engine and AI,564,17473,1481f48b599475e91773dc213aa90f14193379493876d3a107eef5ffb2f8aa27
Assets/CvGameCoreDLL/CvEventReporter.h,h,Native engine and AI,170,7600,16b5f01c195c35045ce724ca32d6b67cdd286acff9a0d8c53775a8e00472a378
Assets/CvGameCoreDLL/CvFractal.cpp,cpp,Native engine and AI,417,9989,304e2025c8ae59e21fa0791888b86ceeb9c46f6a49ba4b7f0964b334abf13b9c
Assets/CvGameCoreDLL/CvFractal.h,h,Native engine and AI,65,1960,86eaafebb464e4be84cc9aa77ca3c16cbb8e69dda24883c363f574f3ae59560c
Assets/CvGameCoreDLL/CvGame.cpp,cpp,Native engine and AI,10126,282890,2f53a7df07e3fd6d9ffc8de0324a65aeb3da7a0ca8ee47cc751147595cf20cef
Assets/CvGameCoreDLL/CvGame.h,h,Native engine and AI,771,38333,ca2ed56870cc9fdf4c76b5f066b1ff5eb578097a0818f90f2d6fb6d9fb377b87
Assets/CvGameCoreDLL/CvGameAI.cpp,cpp,Native engine and AI,135,2002,c0ff155a482d89cff1309db0db6379b6e8a062665d63056d8d40c04860fb5a5c
Assets/CvGameCoreDLL/CvGameAI.h,h,Native engine and AI,38,515,da9e05b54e58a5298cbe3fa2709c2b4603ac72e981aee27598c1dce518fe4ca1
Assets/CvGameCoreDLL/CvGameCoreDLL.cpp,cpp,Native engine and AI,154,3032,6f296a4b785b272acda36a24ff4a26935d64540840dbb5ccad4c250bbbafce63
Assets/CvGameCoreDLL/CvGameCoreDLL.h,h,Native engine and AI,216,5299,dadaf36416dfc4dea5a388b0bcc6ebe6e244aa1f32c53a0f1d6202fa4e670955
Assets/CvGameCoreDLL/CvGameCoreDLLDefNew.h,h,Native engine and AI,22,743,e759ba252d05789820d26ec90ccb1794a5769ee4f74d360dbe209e21eb4c4d7a
Assets/CvGameCoreDLL/CvGameCoreDLLUndefNew.h,h,Native engine and AI,10,111,9c12fb76d5a1271023218c3af29608e5852a3cd7c19b94df5bc2b6ba015bcf82
Assets/CvGameCoreDLL/CvGameCoreUtils.cpp,cpp,Native engine and AI,3249,109126,549f670441efd362e501e8f3a3a0eb574884b88e0949cf10f674ce38fd1ef073
Assets/CvGameCoreDLL/CvGameCoreUtils.h,h,Native engine and AI,405,18412,70d888015e591379fb66043e9881070b95d868cf877d278d7fef7c2f81e1be02
Assets/CvGameCoreDLL/CvGameInterface.cpp,cpp,Native engine and AI,3059,86632,ffb2bcb2d3f132b658f048844b7ec825a60293b2925c5aa86880e019496cbc12
Assets/CvGameCoreDLL/CvGameTextMgr.cpp,cpp,Native engine and AI,20327,743243,50e25a9d94273dd36735155d32a420fb5a53081903d069b91f994bccfd9a63be
Assets/CvGameCoreDLL/CvGameTextMgr.h,h,Native engine and AI,299,25956,5e4eaa4cca99b9671800d7e1d1bab577c82e74f79e77b02ce230b83e5c9c8446
Assets/CvGameCoreDLL/CvGlobals.cpp,cpp,Native engine and AI,4587,128294,09a101097d478ce48894df27604a059cba8ca39644025063fc19dd30c82c3e96
Assets/CvGameCoreDLL/CvGlobals.h,h,Native engine and AI,1656,67173,d29fe397c7d48c2138bc1f5aa98e6c4eac927b412f1871d746f931bdafb9787e
Assets/CvGameCoreDLL/CvHallOfFameInfo.cpp,cpp,Native engine and AI,30,480,1a692bbe22fcdd14a65a54df75ab0b280f849cc4319aec3368576b37c0843fd6
Assets/CvGameCoreDLL/CvHallOfFameInfo.h,h,Native engine and AI,22,327,7dfffc5e30ab3e0d455538e39662eff303ab5989d12fa6b64fef48b4ea3b3993
Assets/CvGameCoreDLL/CvInfoWater.cpp,cpp,Native engine and AI,444,18725,74e64d968305a4d5ef46cf695933d7ecb9fe5607eb73fbf14ad6e30c38eb74d2
Assets/CvGameCoreDLL/CvInfoWater.h,h,Native engine and AI,180,7906,3d411490146fac68f2459f5dc1b6ee823d883663236a066aac31e6cf94c31be8
Assets/CvGameCoreDLL/CvInfos.cpp,cpp,Native engine and AI,31223,1066077,d3e80e246662b2d12371252e0cd5641e48916e5f3cbca6694f6617ae94fb3747
Assets/CvGameCoreDLL/CvInfos.h,h,Native engine and AI,7823,328471,423c206f200aec8d36654ad5db1471ab97ee0c8bdef2258a95d172891905332f
Assets/CvGameCoreDLL/CvInitCore.cpp,cpp,Native engine and AI,2335,63569,b4c552b6aeba54e32f0b7ec2fb3a2cfc9905698dd3edbe5ebdf1374adc0cbf43
Assets/CvGameCoreDLL/CvInitCore.h,h,Native engine and AI,432,16657,bab72349a4f3880a64b1529cf07f68394c2701c668b9dc77d9464d403926d683
Assets/CvGameCoreDLL/CvMap.cpp,cpp,Native engine and AI,1423,33275,ff4c150e24556444de9d1e4c19689db83e197ea9a7e637c50905dd1678eb8a81
Assets/CvGameCoreDLL/CvMap.h,h,Native engine and AI,306,9946,19a83090ea45ac6a1806e1d34f53ba10ceaa9d45fa09daccc05c8fe775f4bae6
Assets/CvGameCoreDLL/CvMapGenerator.cpp,cpp,Native engine and AI,1201,31630,11f9369222430b89cee4d471a314e997e55bca1651ecc4de2fc654594d90c273
Assets/CvGameCoreDLL/CvMapGenerator.h,h,Native engine and AI,62,2267,41685733017a6e7fc01074404d64a8cc13ecc151306b2f795fb882cb8a14718a
Assets/CvGameCoreDLL/CvMessageControl.cpp,cpp,Native engine and AI,207,6780,3122d2f1910a4fad54c057f00503206c7cb3cfda4290e33eca4c85409f4f598d
Assets/CvGameCoreDLL/CvMessageControl.h,h,Native engine and AI,41,2121,c69dd17bc149a61140035a3470443eb7d06026debcc9ef35b3cb8666a4600492
Assets/CvGameCoreDLL/CvMessageData.cpp,cpp,Native engine and AI,1169,32405,b3a2fd125530a258d7cd9462c73601f592965a558a1132eea0ba609ae913315e
Assets/CvGameCoreDLL/CvMessageData.h,h,Native engine and AI,433,13223,233e3a69e1eeda6fbafa3612ecb65978ce6de8a02b8c9619ce70db185df11239
Assets/CvGameCoreDLL/CvPlayer.cpp,cpp,Native engine and AI,24866,720642,627fc3f807fc8cc5707fc8f9313ac9ab6a006eaa53fb25a51dbc294c7a4b49a9
Assets/CvGameCoreDLL/CvPlayer.h,h,Native engine and AI,1569,95024,1e17b496aebee5a5453999bc10b5129968e8b5f6fca9f83d69ec12a0ba16a6b2
Assets/CvGameCoreDLL/CvPlayerAI.cpp,cpp,Native engine and AI,25147,852809,e6f9567f401054e7da09bf56771d7f12f10869c7716bb1a50f8d83dcd7b3ebee
Assets/CvGameCoreDLL/CvPlayerAI.h,h,Native engine and AI,774,36273,98e9069726d29f452434232c63d79fd9c5662d95fdbb080db0dccee17643f21b
Assets/CvGameCoreDLL/CvPlot.cpp,cpp,Native engine and AI,10596,258457,7085434788bbed15487706dfb1819f9663867d38039b00048cd3e1cb136de810
Assets/CvGameCoreDLL/CvPlot.h,h,Native engine and AI,684,37947,d2bc38752c36a5a607a93f9cef07d40a86c09b0a7fb2c7a287c274177a582b3c
Assets/CvGameCoreDLL/CvPlotGroup.cpp,cpp,Native engine and AI,325,6859,c13d27ed70581620ae4508b40e2bd1ade3619221673809147e91eaaba098ed44
Assets/CvGameCoreDLL/CvPlotGroup.h,h,Native engine and AI,63,1233,71233fdf7ab6040b8d3f66b934bcd01646de02fb17d910b5d71c23e684f8807f
Assets/CvGameCoreDLL/CvPopupInfo.cpp,cpp,Native engine and AI,241,4892,a10b2e614207969af699d38610f04bdea0f898627eb93400f551ab96164e6182
Assets/CvGameCoreDLL/CvPopupInfo.h,h,Native engine and AI,75,2293,3b33627358c233c9fb6b6a36d8b65f38ff7780acbcb936b700fca13bbf14ced7
Assets/CvGameCoreDLL/CvPopupReturn.cpp,cpp,Native engine and AI,225,5232,78a897ab68d90f090f6a2083015dfcc1ce5a15bc9efa95025cd19c99e1106d86
Assets/CvGameCoreDLL/CvPopupReturn.h,h,Native engine and AI,201,5331,4f5f864a1e9798c9ccdfdbb5d91068d4188d1d086f97426ecb8a157594d16113
Assets/CvGameCoreDLL/CvRandom.cpp,cpp,Native engine and AI,105,1764,1b9f878b3d2162444f2e5a401a2de23c9862b8a2cd22b904afa2069f8c91ba29
Assets/CvGameCoreDLL/CvRandom.h,h,Native engine and AI,35,643,028a3ea0339ffa3c45209db7c2b664ed1ab4a6219782c58c44f337c27748084f
Assets/CvGameCoreDLL/CvReplayInfo.cpp,cpp,Native engine and AI,726,16737,c91834e8a5e70c61443d96c5920be51ae10c2e51148245f1094a5b1a243e16c8
Assets/CvGameCoreDLL/CvReplayInfo.h,h,Native engine and AI,135,4012,8d827a6ba76efa39592a10849baa4c0cc47a35e831ac7da3b7e68638a4ef2fca
Assets/CvGameCoreDLL/CvReplayMessage.cpp,cpp,Native engine and AI,127,2113,de670a13a06d4b779e7385f6f996149a2b1bf171419ec0c85be2ec18eed53efc
Assets/CvGameCoreDLL/CvReplayMessage.h,h,Native engine and AI,41,965,67d2786947f5ce27d4694fc24fd9cc665189aa5884634802bc29ee918ec73fa4
Assets/CvGameCoreDLL/CvSelectionGroup.cpp,cpp,Native engine and AI,6393,168069,51ada214ea578497f20b72c91ff04a82c64252d74038c1e63973f37c6ceabb17
Assets/CvGameCoreDLL/CvSelectionGroup.h,h,Native engine and AI,305,16058,5e62a01ffb3709260e857ffe2da2740e6033067183cc56acf40f0d5fe7e8b84f
Assets/CvGameCoreDLL/CvSelectionGroupAI.cpp,cpp,Native engine and AI,992,25948,c99a947a978863473b146fe1288c2e533422efe4c4711b2584e7a943a7be970b
Assets/CvGameCoreDLL/CvSelectionGroupAI.h,h,Native engine and AI,83,2829,fcffe5a415e18a49e028362cbf9eff405d55d4c566055eda45930dda0d9ed165
Assets/CvGameCoreDLL/CvStatistics.cpp,cpp,Native engine and AI,484,9671,1d8a76c90e6495d9a0ec272f9bcaeb84b13d05a546d4476c1d9ec6403448437e
Assets/CvGameCoreDLL/CvStatistics.h,h,Native engine and AI,174,4255,c121160d250721a3ecaab75e50060245b5dfc1db804bfd2a8d5250e1f5cc755e
Assets/CvGameCoreDLL/CvString.h,h,Native engine and AI,518,13986,36b3e403b33b87e7d69df73eb5d7a179f03cd2d4ae555cf1332f11a778b0caf3
Assets/CvGameCoreDLL/CvStructs.cpp,cpp,Native engine and AI,564,14260,07f446fa9613bf56988a49859fa920e74e77cf55e67e2690fc4881d654385cdb
Assets/CvGameCoreDLL/CvStructs.h,h,Native engine and AI,489,13192,8d257ac504478a2cbd4623918a032c357d1fb6bc226b914bc7551df345b70c11
Assets/CvGameCoreDLL/CvTalkingHeadMessage.cpp,cpp,Native engine and AI,243,4813,18fbceaeb5891b3308d7abff75546e8f2fe215fc129ec0fdc0a91df16a133277
Assets/CvGameCoreDLL/CvTalkingHeadMessage.h,h,Native engine and AI,66,2044,0d89d850e5c7ea8a0de23b2dd9fbf9085e2a185517e94ccfff959bb5365bf0db
Assets/CvGameCoreDLL/CvTeam.cpp,cpp,Native engine and AI,7595,234756,2c3466689cf6b7cc363fbc9df15c1db0d130f261f9bf3d8cdd96c25cb8a5fe34
Assets/CvGameCoreDLL/CvTeam.h,h,Native engine and AI,555,31807,ea2cd5401cfa80b049a22e1b3cbd8b18d460eb9b8ccb94818b49fdef48086c22
Assets/CvGameCoreDLL/CvTeamAI.cpp,cpp,Native engine and AI,5508,158037,78af49229367232fb369b35fa5e69cfbb9c01a63ee54b87f2e631d08f42c5147
Assets/CvGameCoreDLL/CvTeamAI.h,h,Native engine and AI,265,11285,74176767b3e69a21afcd942d5d5714a0f0fb35b94e2ecc3b571eab50c1e4ebc6
Assets/CvGameCoreDLL/CvUnit.cpp,cpp,Native engine and AI,17425,503462,9281b637d5f0114e20e02e4113e86120fb33330a8e83b99c920a5a21f1394d8f
Assets/CvGameCoreDLL/CvUnit.h,h,Native engine and AI,1062,55420,db9aa256a77a3300f2b178655fcf84cb5bcb69cd5a10a7d3337a3d31579febcd
Assets/CvGameCoreDLL/CvUnitAI.cpp,cpp,Native engine and AI,24981,733684,592a60b3365bd63aa1b35b39144cab619a1ff6a8f42892973dec7e3087bb728e
Assets/CvGameCoreDLL/CvUnitAI.h,h,Native engine and AI,378,19978,12e1bd80d88273eddcb9f8e9a4374c672e93adb13907259c4d21c8b89a06d077
Assets/CvGameCoreDLL/CvXMLLoadUtility.cpp,cpp,Native engine and AI,687,24515,9691f0f96c6be43ebc08121045aded61a4e664a06259a2dd370255f9691e12ed
Assets/CvGameCoreDLL/CvXMLLoadUtility.h,h,Native engine and AI,487,27742,734234eca65dd583f269873b367f3ac24e8d9f4c71b3183f3372c9f9127eb070
Assets/CvGameCoreDLL/CvXMLLoadUtilityGet.cpp,cpp,Native engine and AI,1364,43789,fa277c8e70f812e5295b206499693ced999acfe4f26edfd5e5c344d4e781c210
Assets/CvGameCoreDLL/CvXMLLoadUtilityInit.cpp,cpp,Native engine and AI,312,10289,41fe205cbca7bbe3d6081c01126401dc7be16235f3d73d65f0b319b94aaca676
Assets/CvGameCoreDLL/CvXMLLoadUtilityModTools.cpp,cpp,Native engine and AI,724,23557,d1ee44c3ff6bcb4c6d31aaecb83a454f7ee4dcce44716c5b93b77835bf0c7a13
Assets/CvGameCoreDLL/CvXMLLoadUtilityModTools.h,h,Native engine and AI,46,1854,6763fb035dcff293d31e8fa5d4cdc104afac2fe3a6dfad90e1ee0ee14c86b0fb
Assets/CvGameCoreDLL/CvXMLLoadUtilitySet.cpp,cpp,Native engine and AI,4261,186079,6e9e8c2c6cbf8acc886ad923db17c50812abdcb9d5a7a06ecc41e9e064a02a39
Assets/CvGameCoreDLL/CvXMLLoadUtilitySetMod.cpp,cpp,Native engine and AI,443,16533,df7e020ed04ff97eb194c4532c2a0ead09e9e747c858d01779a5c06d4bf39344
Assets/CvGameCoreDLL/CvXMLLoadUtilitySetMod.h,h,Native engine and AI,49,1857,64626fde7228dc0387827509906aebe9dfb7b8b5a99b5608e2ddc8d004bf80b4
Assets/CvGameCoreDLL/CyArea.cpp,cpp,Native engine and AI,206,4979,ceaa8282cb8d85be072854623395d42af0ef5a9db6832094d0fb97362c175f9e
Assets/CvGameCoreDLL/CyArea.h,h,Native engine and AI,70,2106,ba7f1780595f4088dc821d36eca9091add959611c7781d8b82d65a03cdb85ad4
Assets/CvGameCoreDLL/CyAreaInterface.cpp,cpp,Native engine and AI,59,4961,72d75cac8b139fb8169882ec176b280e9773398c17902131119caa8b5c7cb3a1
Assets/CvGameCoreDLL/CyArgsList.cpp,cpp,Native engine and AI,96,2201,b17e8f675f43b448a3d07d9b878ec507b3ee30c86c2a472bd042b002adbe69de
Assets/CvGameCoreDLL/CyArgsList.h,h,Native engine and AI,36,1077,3528ded0cf1f7db677bfabe1171a71bbda350f76a5655d66da7fad0fe2a06dfc
Assets/CvGameCoreDLL/CyArtFileMgr.cpp,cpp,Native engine and AI,86,2468,9f0411ec86b9737e734b64fde823590947cb4fdca1d4c604a15603b2f2919589
Assets/CvGameCoreDLL/CyArtFileMgr.h,h,Native engine and AI,52,1749,8ffe200c5fd3c71f958f2094bd71e1e96e101d45c338807023ae18324127c349
Assets/CvGameCoreDLL/CyArtFileMgrInterface.cpp,cpp,Native engine and AI,32,2202,9b952e351d5092c54b3775f1cfdbab03019c0c99d6ddc17579ae651573835ad2
Assets/CvGameCoreDLL/CyCity.cpp,cpp,Native engine and AI,2842,73400,195be109d85cb18bc07b73401207a9130a39533727be9b6a9182beae5877c44d
Assets/CvGameCoreDLL/CyCity.h,h,Native engine and AI,644,30487,fc2184d0fe439163d35bf37693087d5873301ce3147633fc6c72e2ce4b9da1dc
Assets/CvGameCoreDLL/CyCityInterface1.cpp,cpp,Native engine and AI,546,50357,40aa4b23ee8187f57edf92f5e25f05ad788c2bcfb1e9247d3f8ee0b7a81377be
Assets/CvGameCoreDLL/CyCityInterface2.cpp,cpp,Native engine and AI,139,9997,597430919d3b750b42d1aa859ec319e09f70dba670ce2121fb1e2562a07c80a4
Assets/CvGameCoreDLL/CyDeal.cpp,cpp,Native engine and AI,128,2654,19efa9d3ed991455a906cc82cb3f63ccd71099c062d149dc19d7fbeb91e263b4
Assets/CvGameCoreDLL/CyDeal.h,h,Native engine and AI,45,975,b9def99cfcd1a4986bb3f0945f05f56c3ae8e99f4fddb393326e4f5e7b3efc8e
Assets/CvGameCoreDLL/CyEnumsInterface.cpp,cpp,Native engine and AI,2098,98737,74ffd392b15c1882e3f11c2dd4cf46d5f5c71736101a8ec5142aba9120cab9f8
Assets/CvGameCoreDLL/CyGame.cpp,cpp,Native engine and AI,1332,35037,9b322ae85e7c091651885b7d342516c33c3ed5f7cce96503aa5ed25bd7f3159a
Assets/CvGameCoreDLL/CyGame.h,h,Native engine and AI,358,16275,3796764f4dc20e22b0fa99418b7c5410040c6ee3320ff44929ca22dbdcd97d34
Assets/CvGameCoreDLL/CyGameCoreUtils.cpp,cpp,Native engine and AI,277,6671,ecd1535458872a963b0b4f43f1e3ae15132fe380cd3c2e18735a3b565bccb8fb
Assets/CvGameCoreDLL/CyGameCoreUtils.h,h,Native engine and AI,78,3571,94529c4d931c1dd18c76896f14e1d23ca71f8dab67c82a3931f83f9e2eb83c30
Assets/CvGameCoreDLL/CyGameCoreUtilsInterface.cpp,cpp,Native engine and AI,77,6152,242c707ca6e6d5b0bc3999c0609265c3cad5a20000c9b143ba65b5e78e8dc91f
Assets/CvGameCoreDLL/CyGameInterface.cpp,cpp,Native engine and AI,367,24716,02659590e8496840f72934999612bf354caf8a300044b70485e45746f2f5cd24
Assets/CvGameCoreDLL/CyGameTextMgr.cpp,cpp,Native engine and AI,264,8664,4bd888f3682740edc3135c21ab97b2ea364a6252eecb1df7f90061f950177bba
Assets/CvGameCoreDLL/CyGameTextMgr.h,h,Native engine and AI,63,3179,f94e46a7cc7ca5018a6d0eeecea2a5c7ed40277d56c0cb9ff4ee19f9219bf71b
Assets/CvGameCoreDLL/CyGameTextMgrInterface.cpp,cpp,Native engine and AI,50,4430,cad5944a174427f3987249be69452a1dd6fa3350cf8d4c351104f704d1583152
Assets/CvGameCoreDLL/CyGlobalContext.cpp,cpp,Native engine and AI,660,18553,2d02fa9b0bdb565a9dbb4155b216c987f5c9b19b730163877cd99cd99c53c74f
Assets/CvGameCoreDLL/CyGlobalContext.h,h,Native engine and AI,419,24998,52e4d33a62314416484b1fdae1897905f3ea39fded49d4e3a7a6ca7b843abda4
Assets/CvGameCoreDLL/CyGlobalContextInterface1.cpp,cpp,Native engine and AI,142,11432,e5e4baca70de789fee60d5364e47f1665bfb182752c4d2169f034e445ad11baa
Assets/CvGameCoreDLL/CyGlobalContextInterface2.cpp,cpp,Native engine and AI,123,8761,66414d0ee30542e4933f5ca57930fa4a057a989dab709c6624328e5b0a457a35
Assets/CvGameCoreDLL/CyGlobalContextInterface3.cpp,cpp,Native engine and AI,72,5522,475e73bab11dc242ec39671dde125c9aa0d3e0754bd91c207110d8a28dace233
Assets/CvGameCoreDLL/CyGlobalContextInterface4.cpp,cpp,Native engine and AI,185,15585,38b7b128b28607ed01d76a16a9c85d94954fb3532c5b8f32743d3219d9800734
Assets/CvGameCoreDLL/CyHallOfFameInfo.cpp,cpp,Native engine and AI,24,398,140747677d709c3b64126c16089673e01fcb425318ee3dcaae63f30777bc71ce
Assets/CvGameCoreDLL/CyHallOfFameInfo.h,h,Native engine and AI,23,335,789000ffb6bb703e6bae86af5917ab89f4767af86cc881ae965f13faf3bdd1a6
Assets/CvGameCoreDLL/CyHallOfFameInterface.cpp,cpp,Native engine and AI,77,4004,911301cbee9c177361ed6991c12a216dacc48cb232a44eff82b87fed25489a81
Assets/CvGameCoreDLL/CyInfoInterface1.cpp,cpp,Native engine and AI,729,50054,0c2b283d2905886e4956f7c2134629c27bf55025285a90b46983c70a015b7137
Assets/CvGameCoreDLL/CyInfoInterface2.cpp,cpp,Native engine and AI,423,25290,87a33566edaf64721c4abcd3900bf7eb064172bb829ea102aa925edee023aafc
Assets/CvGameCoreDLL/CyInfoInterface3.cpp,cpp,Native engine and AI,820,52449,bec7bc570174e4e57a48f68d89d59c27e1325593db344bbf5b84287d3f033de3
Assets/CvGameCoreDLL/CyMap.cpp,cpp,Native engine and AI,332,7710,132ee205fef39e318330fb641d263a8de5c91061ac9ec6a3750ae1c230b2be07
Assets/CvGameCoreDLL/CyMap.h,h,Native engine and AI,104,3619,17d9ffa2c6945fce73d2cb9d4a0a41fda4d3181c71f868f6ad527de7113b6905
Assets/CvGameCoreDLL/CyMapGenerator.cpp,cpp,Native engine and AI,151,3356,fd028cb1b63112a1a1eac58dc10a095d6b626cafeee0340dd097a81b12b045fa
Assets/CvGameCoreDLL/CyMapGenerator.h,h,Native engine and AI,59,1511,9709c346e304cedeb6a5d0c29cadb62b1d302daf2b10a4cde7789c01b1622039
Assets/CvGameCoreDLL/CyMapGeneratorInterface.cpp,cpp,Native engine and AI,46,2165,fbef8f3a0b933cdbfadbc271c1a354596761e2dd382ed7ae847cec283b24af29
Assets/CvGameCoreDLL/CyMapInterface.cpp,cpp,Native engine and AI,94,6941,14c3f4687c6589c46db3e8fa671cb43cb0141ecad91511cf675b53077ab13c93
Assets/CvGameCoreDLL/CyMessageControl.cpp,cpp,Native engine and AI,81,2676,6a68178048522ab84880f29953f3f92f01b20c6d0db3fa57f33ad036e034f783
Assets/CvGameCoreDLL/CyMessageControl.h,h,Native engine and AI,30,1199,a9a03498477c4890c5a87290fbfe99ba6385140f31459fd5c67caf3334039441
Assets/CvGameCoreDLL/CyMessageControlInterface.cpp,cpp,Native engine and AI,25,1969,2c111d2112a87c7110366612c85ded9d39a98e168f9b754f66fd09d0c2df10ec
Assets/CvGameCoreDLL/CyPlayer.cpp,cpp,Native engine and AI,2565,74262,a2049a76f1febd2c400dfce96801008f5857e71dabb950c5fa97e03ab4d47268
Assets/CvGameCoreDLL/CyPlayer.h,h,Native engine and AI,663,32697,b73a6108537152b7966d71f2a696f24a9d4b258f6b618110c1e858853383f2e5
Assets/CvGameCoreDLL/CyPlayerInterface1.cpp,cpp,Native engine and AI,546,45100,ff42c6039978e869febbbd4b3d5664183452c037b99356cb0c6592e7f4b68c33
Assets/CvGameCoreDLL/CyPlayerInterface2.cpp,cpp,Native engine and AI,113,8204,f7b13eec4d313c73b6862c5bfc2e37470320d85fdf3aa69d7173df941abf365c
Assets/CvGameCoreDLL/CyPlot.cpp,cpp,Native engine and AI,1037,24979,184f4b5da293a6af39c0ab494706ee995d178c401e213a774591d9998130aa84
Assets/CvGameCoreDLL/CyPlot.h,h,Native engine and AI,266,9941,c3fdf57ada696738111bb9f34a16e5d03f1df2a3fe22ddccd7bd5f2ccc1dec54
Assets/CvGameCoreDLL/CyPlotInterface1.cpp,cpp,Native engine and AI,257,17417,4d82e92e0da4fd8cb91f95b903fea564b53b25d5bb8435c1b179d139b9f9898b
Assets/CvGameCoreDLL/CyRandomInterface.cpp,cpp,Native engine and AI,19,580,5452169df65896314cb9a25d92a6305e3883d6c3a428da104b197410b896a133
Assets/CvGameCoreDLL/CyReplayInfo.cpp,cpp,Native engine and AI,419,5941,3da397c7f4be704c933ec07aae65b28f9e417f721003bed94f30224571f55641
Assets/CvGameCoreDLL/CyReplayInfo.h,h,Native engine and AI,75,1972,4894cde570aaab7d1c84db1cd14b7ea7886defaffb46788f449c1db722967c43
Assets/CvGameCoreDLL/CySelectionGroup.cpp,cpp,Native engine and AI,327,9912,fbe4ef989c179d7d7a08f6fcbf4699a51e669e19cefc223c6868e4fa4eae8362
Assets/CvGameCoreDLL/CySelectionGroup.h,h,Native engine and AI,104,3780,32f4e7f95736966dd5ef65f74c748ff29203a2556c2af858fb0f814e03666e47
Assets/CvGameCoreDLL/CySelectionGroupInterface.cpp,cpp,Native engine and AI,96,7320,4536156604b307e798071a9e0f527a5b47680be321f60087480f27dc7001739c
Assets/CvGameCoreDLL/CyStructsInterface1.cpp,cpp,Native engine and AI,187,8717,47d6d9a85239031d3779795c29b1c9d23e994cb225837b2e808c44b6ef11da23
Assets/CvGameCoreDLL/CyTeam.cpp,cpp,Native engine and AI,1030,26954,421296b66102b607b5400a4e8b85b3a307b52e84123d098964ff6ede5f03f7c6
Assets/CvGameCoreDLL/CyTeam.h,h,Native engine and AI,259,12004,d01a7260c3888f98efab329fdf01b21bdfd3f3693ccf84d5538aafa1bc382b8c
Assets/CvGameCoreDLL/CyTeamInterface.cpp,cpp,Native engine and AI,245,18785,8eec67ab2670268689401ffdcbd20225c3200fc394a750f8b1deb40af502bcd9
Assets/CvGameCoreDLL/CyUnit.cpp,cpp,Native engine and AI,1782,42831,7d552eda0b78d3a72ee938a9193f011bff3a85311f6c95513ae91dbbefc49a4f
Assets/CvGameCoreDLL/CyUnit.h,h,Native engine and AI,461,16169,cebbc68c93b6e59b0f0712a0a3e20633a1f18b79a48ef27cb3f91f2c1cdab77d
Assets/CvGameCoreDLL/CyUnitInterface1.cpp,cpp,Native engine and AI,444,27645,809dddc71ef1e348e46efb552ee029c9a06fb0605da275b27635740a7362137c
Assets/CvGameCoreDLL/FAStarNode.h,h,Native engine and AI,127,2566,698825ebff466f02b9e56ccb0fd82cf259b6d3a0a47391de8ef7dc7c9c91b71d
Assets/CvGameCoreDLL/FAssert.cpp,cpp,Native engine and AI,167,4250,05934d0039cfc2d28befc6ac3e4fb4e9fd80fcb5ed3e544697186e5786fded09
Assets/CvGameCoreDLL/FAssert.h,h,Native engine and AI,53,1198,e706d6e355284df2ab0c857353c817605c3a9c44118bc3fab7d818c9733f92f8
Assets/CvGameCoreDLL/FDataStreamBase.h,h,Native engine and AI,112,4215,aa0e69350f6bac3354f0ce45a2cc9c07f7d221224ef16eff19df8b2351c6dbcf
Assets/CvGameCoreDLL/FDialogTemplate.cpp,cpp,Native engine and AI,210,4982,b7ed4d9188851bb95f51dce5575b8388d4d8d13891aa72610e4de49b5315a752
Assets/CvGameCoreDLL/FDialogTemplate.h,h,Native engine and AI,68,2167,09bec8dd386adf18efac2756787465362d3a4cf780968bdb161fe9d8d2d3509b
Assets/CvGameCoreDLL/FFreeListArray.h,h,Native engine and AI,467,7996,38b615cf01d42294c4b3f9f9272b6be96d8920a350412bbcdd0f0ce0890e32b6
Assets/CvGameCoreDLL/FFreeListArrayBase.h,h,Native engine and AI,141,3576,aaee2b823479bfa5e756167ce3055dee2634b258293b50981c26f0a66667f2e3
Assets/CvGameCoreDLL/FFreeListTrashArray.h,h,Native engine and AI,544,10279,e095317520678d2acae09dab14723567f6ddbae100dc18a55e7c2bc49a903d28
Assets/CvGameCoreDLL/FInputDevice.h,h,Native engine and AI,254,6690,292f03566009cf5d5312c459f79485859840dea97b779651a9f2094733a1085d
Assets/CvGameCoreDLL/FProfiler.h,h,Native engine and AI,98,2825,78625df8619c9e01d3460296f2c7b97351c60c65ab548dc2a15487cfbd98b819
Assets/CvGameCoreDLL/FVariableSystem.h,h,Native engine and AI,150,6071,669e79de166e431637a9aabddf2a052bb1ea1520507873165a84420c058be7c6
Assets/CvGameCoreDLL/FVariableSystem.inl,inl,Native engine and AI,812,32886,a07a77cbf7c1da5046c41b046c27872e2ba419c412ac30d32bd625f202d36dd5
Assets/CvGameCoreDLL/LinkedList.h,h,Native engine and AI,437,7562,26747333dbdb8b83b223eb3c4ed5a6d83a1e7bd5404ab9b7a860ec65aa4211f2
Assets/CvGameCoreDLL/_precompile.cpp,cpp,Native engine and AI,5,79,e9ef273fc2daab951bba51934fe611f378112b1a3baaeafbc04de2938dce4bbd
Assets/CvGameCoreDLL/bin/fastdep-0.16/CheckVersion.cc,cc,Native engine and AI,13,332,1c26b73d6e5a3b1343aa51439dc6042e752b21545030fa9e1e07fda74c360eb3
Assets/CvGameCoreDLL/bin/fastdep-0.16/CheckVersion.h,h,Native engine and AI,12,226,c9591dddb788294507356a630b726c6f6c6b6ddbc66e6d2911d2c66e909c0765
Assets/CvGameCoreDLL/bin/fastdep-0.16/CompileState.cc,cc,Native engine and AI,108,2704,1864fa88576b4c29fed83cd9c08f2795ae024a5b59f33bd3265c9fb4fc75f4b6
Assets/CvGameCoreDLL/bin/fastdep-0.16/CompileState.h,h,Native engine and AI,38,885,3fef1c8fcac3972b3e02386e9907bdef825dec4c9614445b7deb94d0b59acb50
Assets/CvGameCoreDLL/bin/fastdep-0.16/Define.cc,cc,Native engine and AI,47,874,33fb499201162a51cc93399d753e5211d5227788c1d322d0a900d48d01d7521f
Assets/CvGameCoreDLL/bin/fastdep-0.16/Define.h,h,Native engine and AI,32,592,6d5a75e1e00df5559ce2e7a2c31f0a37740ce547736fe346836be08b1fb38f72
Assets/CvGameCoreDLL/bin/fastdep-0.16/Element.cc,cc,Native engine and AI,33,501,ba1e94c002254cc399caba75de952121b5d33d0eec97973094efea4c8a5a903b
Assets/CvGameCoreDLL/bin/fastdep-0.16/Element.h,h,Native engine and AI,29,492,44867027a89fe2a94adc297d8e9274b8e08ac997df5a74171fbfa9b0ed7fa00d
Assets/CvGameCoreDLL/bin/fastdep-0.16/Expression.cc,cc,Native engine and AI,309,5098,effd7b8554eea839fc64e55ef7d3e2863b30e5c6ac075d7aa25d8f02b2593eee
Assets/CvGameCoreDLL/bin/fastdep-0.16/Expression.h,h,Native engine and AI,34,502,ebef0bce837ba699a0f33287e79f7f293ff06fca48a3f0d9911b0f286fad0bc3
Assets/CvGameCoreDLL/bin/fastdep-0.16/FileCache.cc,cc,Native engine and AI,265,6516,ad1b7684bc4fa3bf1e70a38cf10f1b4ce2981d86f21131a543c25368c2245863
Assets/CvGameCoreDLL/bin/fastdep-0.16/FileCache.h,h,Native engine and AI,75,2221,f29cd0b33a0d406e3d6907006600dcc759ebab00be6c8aec4e661e335054ef16
Assets/CvGameCoreDLL/bin/fastdep-0.16/FileStructure.cc,cc,Native engine and AI,492,9820,bf02ba26a5ef555a64a72c59776d6004e9f88e81b7d4e904930a04946cc9a446
Assets/CvGameCoreDLL/bin/fastdep-0.16/FileStructure.h,h,Native engine and AI,53,1204,69be496fa6ecd3225ab66e4c678a02c8d71411ac4488d643168ef308b6c23b6d
Assets/CvGameCoreDLL/bin/fastdep-0.16/If.cc,cc,Native engine and AI,168,2972,a4067b8ccb0f85b19cb56dfa72e8a689438ee47c2c2216b815a58eb15c778aed
Assets/CvGameCoreDLL/bin/fastdep-0.16/If.h,h,Native engine and AI,81,1543,fb6195e958dd37b26f191d779ae53f5f6be161ea13b26acca6408dfc93d57f30
Assets/CvGameCoreDLL/bin/fastdep-0.16/Include.cc,cc,Native engine and AI,54,1169,cba4d335743d2c4107f06efa49697cc12e1efebd6f975bb2a40b7facb4f18e74
Assets/CvGameCoreDLL/bin/fastdep-0.16/Include.h,h,Native engine and AI,28,499,61c6741b332a7b91cede740f5abf5deec9b60c89e15d8244586fa3f2ce81dd20
Assets/CvGameCoreDLL/bin/fastdep-0.16/MappedFile.cc,cc,Native engine and AI,143,2942,f203c719c4254d5f11f5204f9e64741d131b7f5f9adc7da08a7f1a2c480d0e1d
Assets/CvGameCoreDLL/bin/fastdep-0.16/MappedFile.h,h,Native engine and AI,73,970,ce635fcfbe5d55c29273d2cd48affd669706e72c3003e8c19a21e737ea7ba27f
Assets/CvGameCoreDLL/bin/fastdep-0.16/Sequence.cc,cc,Native engine and AI,49,937,6b8353550d1b40af391cdaa295eb870e360e09ff354a2b65adbf1c523ca327cd
Assets/CvGameCoreDLL/bin/fastdep-0.16/Sequence.h,h,Native engine and AI,29,504,89af14a9cb3cd28477e5e780d22df7142d17206428ecea116a1172218f220141
Assets/CvGameCoreDLL/bin/fastdep-0.16/config/gnugetopt.c,c,Native engine and AI,6,92,d7011ec16dc2712c1c3153b173c78e3125d62fd91c3df9f464a859267a35d3fa
Assets/CvGameCoreDLL/bin/fastdep-0.16/external/getopt.c,c,Native engine and AI,1056,30156,d2699c77fa13870700da311f589e671760714ef32afea6c85e04be7457c1d0ec
Assets/CvGameCoreDLL/bin/fastdep-0.16/external/getopt.h,h,Native engine and AI,141,5059,91f686e4f9cdd599e82ef04ca247d93ecd78e2cad1f0e5d467ddaff8e9cac2d8
Assets/CvGameCoreDLL/bin/fastdep-0.16/external/getopt1.c,c,Native engine and AI,190,4520,f41f4c4f761b23fd8a68ac07c98f1295acbfe623168aaba9f9f6216a3f37c04d
Assets/CvGameCoreDLL/bin/fastdep-0.16/fastdep.cc,cc,Native engine and AI,162,3813,e98bc0f126fd9c888a700daca4bf8ab7f18303ed46c8b792d89d5b0258652b05
Assets/CvGameCoreDLL/bin/fastdep-0.16/os.h,h,Native engine and AI,12,227,3de6b47a05645d7a441d90e362be14f0062fe3d304e9d9888def029b03240587
Assets/CvGameCoreDLL/bin/fastdep-0.16/realpath.cc,cc,Native engine and AI,185,4451,21425b761c65264e7b483cf2c543c9d2f2e4a24efc00455aa3afb5cc0371741f
Assets/CvGameCoreDLL/bin/fastdep-0.16/tests/a.cc,cc,Native engine and AI,2,30,83e486bb76c46320e2130d4b9f33ee5c373659d70b5161f0f0a3317586d51f47
Assets/CvGameCoreDLL/bin/fastdep-0.16/tests/a.h,h,Native engine and AI,6,50,2e1c969f77e6464cf5c0d7bc6c9a14ff102101f3219db80ede61f249a7e4b9c5
Assets/CvGameCoreDLL/bin/fastdep-0.16/tests/asterix_comment.cc,cc,Native engine and AI,12,301,84aca3c7f7fa67ffbcc05844d3441d09709dca6d4ea6880c7169fefda07fea34
Assets/CvGameCoreDLL/bin/fastdep-0.16/tests/b.cc,cc,Native engine and AI,12,133,540e6ce79c94688a80cece7834ebee6c9e9766cfab808b85da5642ee4d87a583
Assets/CvGameCoreDLL/bin/fastdep-0.16/tests/b.h,h,Native engine and AI,7,65,d2435a2da3af807e92bd8709b5b59e1d05e339e6169d7de98520f9516530219d
Assets/CvGameCoreDLL/bin/fastdep-0.16/tests/barcfg.h,h,Native engine and AI,4,44,efca75f7c6b7334cf848fbc4bd9c37138ee8541babae579b5766293eb76aeac5
Assets/CvGameCoreDLL/bin/fastdep-0.16/tests/c.cc,cc,Native engine and AI,13,151,c80d9c14ce0ed4617babec861e8627004a8e34b6af4508d225f2d4d1f7de85bd
Assets/CvGameCoreDLL/bin/fastdep-0.16/tests/c.h,h,Native engine and AI,6,50,b248e0314fe2c4ec40a0a735b49cdca28c23e7a282b9348e92101fe809dd4c11
Assets/CvGameCoreDLL/bin/fastdep-0.16/tests/cdefs.h,h,Native engine and AI,6,78,9b3947fe7b62c54a69b402bd1176c3843969cb416c8499b218a2c0f8a379aa3a
Assets/CvGameCoreDLL/bin/fastdep-0.16/tests/commentindefine.cc,cc,Native engine and AI,3,57,96cafaa86dd60fbb3a891a2e78d5a669403cb9a76d15c7b2971ac65d34ea3cef
Assets/CvGameCoreDLL/bin/fastdep-0.16/tests/d.h,h,Native engine and AI,4,34,64b36003ddd66a3e8af9ca0eaaf6ef3f51cd711f7b073b7bb310faa05a47769c
Assets/CvGameCoreDLL/bin/fastdep-0.16/tests/e.h,h,Native engine and AI,4,34,3767b21b013b3c88767284a0af16b8330965972a97969726a8ea62b2a438a09d
Assets/CvGameCoreDLL/bin/fastdep-0.16/tests/f.h,h,Native engine and AI,4,34,09609965332d88ee7d4180cdb192b4fcd821320f6be5ff602223af3b21fcabd2
Assets/CvGameCoreDLL/bin/fastdep-0.16/tests/features.h,h,Native engine and AI,6,71,9965853e6a0336f31ae3730580bd2417e3cc2ae48041986a0c83850389161bf3
Assets/CvGameCoreDLL/bin/fastdep-0.16/tests/foo.cpp,cpp,Native engine and AI,2,37,c2793236699143c91a85eff2a8069c015fc313bf2068f03891a127b3899d46ca
Assets/CvGameCoreDLL/bin/fastdep-0.16/tests/foo.h,h,Native engine and AI,4,38,bc41f57b22fa3918eb28afc226ee9bda8b55a68fd46061aef43a91804c50d449
Assets/CvGameCoreDLL/bin/fastdep-0.16/tests/g.h,h,Native engine and AI,4,34,accdb3fc4dcf0eff13a76c353310f80c5428b265e671f397182a11c0f4f9a8eb
Assets/CvGameCoreDLL/bin/fastdep-0.16/tests/includeguard.h,h,Native engine and AI,6,74,73f34599ab77c128e4bfed5b1b82ec30c9ff6be2cafa561f4f8e77d3af9aff01
Assets/CvGameCoreDLL/bin/fastdep-0.16/tests/incstdio.cpp,cpp,Native engine and AI,5,35,e78c91c3c13bad0fa1a661b131cc557328ea951b796aee20d9a8e74dd2c0a78e
Assets/CvGameCoreDLL/bin/fastdep-0.16/tests/macrodef.cc,cc,Native engine and AI,9,103,f29d74cc396a5289e27a49409d82421c771612fa0e25d74d5018d02ac8f21632
Assets/CvGameCoreDLL/bin/fastdep-0.16/tests/stdio.cpp,cpp,Native engine and AI,7,59,c1aa521bfe5428c0a1a1382a0756fe4dc70eecdd8acbe00186b6d61778fb9f0b
Assets/CvGameCoreDLL/interfaceDirtyBits.inl,inl,Native engine and AI,32,767,a27bfeb437621ca1a9e6a5796a2ef28e9ef16f317b8d33cdabeb27c3d8855bc2
Assets/CvGameCoreDLL/resource.h,h,Native engine and AI,15,396,1b21b1a6b9826e8e0a6192545884ec11421fea1b415d8a195213427d46f2c764
Assets/Modules/Buildings/CIV4ModularLoadingControlsSchema.xml,xml,Modular rule/asset definitions,30,1305,cda76dade0a6c37a9449f0f288d92057a5c97daff222366bb72ec7cb43c60470
Assets/Modules/Buildings/MLF_CIV4ModularLoadingControls.xml,xml,Modular rule/asset definitions,27,813,848ffa0cdaa0491afd109d2f048b052b2900bb413a43e49f2d2ce9288efbc1e9
Assets/Modules/Buildings/UNMission/UN_Mission_CIV4ArtDefinesSchema.xml,xml,Modular rule/asset definitions,427,19020,ed610eda5cb549511ffcca989c7cb07b6a2672b5ec78b9fc1378389498326d6b
Assets/Modules/Buildings/UNMission/UN_Mission_CIV4ArtDefines_Building.xml,xml,Modular rule/asset definitions,20,750,ab06acbc226f5097c436448ee7c7953c4f9cf21f40523f5743dc89fd9f0d6c86
Assets/Modules/Buildings/UNMission/UN_Mission_CIV4BuildingClassInfos.xml,xml,Modular rule/asset definitions,23,873,f5f646d12615522240dba69f6ece532ae65434e06f5122a1af13569b8f22e940
Assets/Modules/Buildings/UNMission/UN_Mission_CIV4BuildingInfos.xml,xml,Modular rule/asset definitions,183,7125,83a8966eba530686ed6ba6dc5580b22942f2b190c0e6988be1443c701cc38c5f
Assets/Modules/Buildings/UNMission/UN_Mission_CIV4BuildingsSchema.xml,xml,Modular rule/asset definitions,620,32700,1e3db6c66420210fee7a911d65dbbd2db6d38a3a2017193348860f7e81bd0b33
Assets/Modules/Buildings/UNMission/UN_Mission_CIV4GameText.xml,xml,Modular rule/asset definitions,58,3587,f4405840f48321e9023a92fb7628cfe2446d280ef20fbc1b7daf7f4a9bff47e0
Assets/Modules/Builds/CIV4ModularLoadingControlsSchema.xml,xml,Modular rule/asset definitions,30,1305,cda76dade0a6c37a9449f0f288d92057a5c97daff222366bb72ec7cb43c60470
Assets/Modules/Builds/JungleCamp/JUNGLECAMP_CIV4ArtDefinesSchema.xml,xml,Modular rule/asset definitions,427,19020,ed610eda5cb549511ffcca989c7cb07b6a2672b5ec78b9fc1378389498326d6b
Assets/Modules/Builds/JungleCamp/JUNGLECAMP_CIV4ArtDefines_Improvement.xml,xml,Modular rule/asset definitions,19,777,c997d6bf2ff32d0bf5520b3e3bb07c43ec702e8ae744ec5be3f6ffff28c517e9
Assets/Modules/Builds/JungleCamp/JUNGLECAMP_CIV4BuildInfos.xml,xml,Modular rule/asset definitions,29,969,5b719e927717098c9767d102492f4dd52f00ef06d83f9d5f667a956c55260f66
Assets/Modules/Builds/JungleCamp/JUNGLECAMP_CIV4CivicInfos.xml,xml,Modular rule/asset definitions,38,1245,5dab04e7b0d28f3b968d78f11e2ce00b1de6fccc13f1d733cff55e0e6f2f8ddc
Assets/Modules/Builds/JungleCamp/JUNGLECAMP_CIV4GameInfoSchema.xml,xml,Modular rule/asset definitions,1573,82086,54c53649ce3555ba90e5bee26e443e3a5244f8cabf7cc98d585f9a3e62c3bfd7
Assets/Modules/Builds/JungleCamp/JUNGLECAMP_CIV4ImprovementInfos.xml,xml,Modular rule/asset definitions,213,6794,a788984a9f06163374c69bcebee437ec03359a2503fa73d9188eb69c9f8f166a
Assets/Modules/Builds/JungleCamp/JUNGLECAMP_CIV4TerrainSchema.xml,xml,Modular rule/asset definitions,556,28169,db5aaeddd9d8310b2e044152aa70495bd2acb85edeb71eebddd37eed1b6688b3
Assets/Modules/Builds/JungleCamp/JUNGLECAMP_CIV4UnitInfos.xml,xml,Modular rule/asset definitions,50,1266,d89bf045df8be70fc69495b407846243ae9179c0d566204a00ca8e896580f93d
Assets/Modules/Builds/JungleCamp/JUNGLECAMP_CIV4UnitSchema.xml,xml,Modular rule/asset definitions,1153,58121,c60494c95145b16abb9f083aa386b9cefe0f3458f61e959d9b99c4776cc80a04
Assets/Modules/Builds/JungleCamp/JUNGLECAMP_Civ4GameTextInfos.xml,xml,Modular rule/asset definitions,30,920,11972b50e6f4e0c47e24f3cfb8a993a8d54d078b1b6639ea1aed72a5308a5dc2
Assets/Modules/Builds/MLF_CIV4ModularLoadingControls.xml,xml,Modular rule/asset definitions,24,765,efa774cf707994543c83baa908024243ec18ded5029d1cd2ec0877824c735d83
Assets/Modules/CIV4ModularLoadingControlsSchema.xml,xml,Modular rule/asset definitions,30,1305,cda76dade0a6c37a9449f0f288d92057a5c97daff222366bb72ec7cb43c60470
Assets/Modules/Custom ArtStyles/American/American_CIV4CivilizationInfos.xml,xml,Modular rule/asset definitions,12,413,a1cfbf0923f93afd58097d4f9a3e95023d5cc377148d0324a367e99b9c984851
Assets/Modules/Custom ArtStyles/American/American_CIV4CivilizationsSchema.xml,xml,Modular rule/asset definitions,556,30162,14dfe5e0ae15b18e7f1b5a699d541d821d847708aa40a031df15b020b339b590
Assets/Modules/Custom ArtStyles/American/American_CIV4UnitArtStyleTypeInfos.xml,xml,Modular rule/asset definitions,229,10276,1bf7a47d9a4173c925b63541a2f216df0006fba881f97671c84f53aa0a712796
Assets/Modules/Custom ArtStyles/American/Units/Heavy Swordsman/US_Heavy_Swordsman_CIV4ArtDefinesSchema.xml,xml,Modular rule/asset definitions,427,19020,ed610eda5cb549511ffcca989c7cb07b6a2672b5ec78b9fc1378389498326d6b
Assets/Modules/Custom ArtStyles/American/Units/Heavy Swordsman/US_Heavy_Swordsman_CIV4ArtDefines_Unit.xml,xml,Modular rule/asset definitions,34,1397,9889a936c2d971bc6b997e3848f2faca7acc636b3074f2f69d3bfa393440bc32
Assets/Modules/Custom ArtStyles/American/Units/Infantry_America/US_Infantry_CIV4ArtDefinesSchema.xml,xml,Modular rule/asset definitions,427,19020,ed610eda5cb549511ffcca989c7cb07b6a2672b5ec78b9fc1378389498326d6b
Assets/Modules/Custom ArtStyles/American/Units/Infantry_America/US_Infantry_CIV4ArtDefines_Unit.xml,xml,Modular rule/asset definitions,34,1385,6a25b4e273d698d9269d574818cefbced166baeea6201441c3d41231856c973b
Assets/Modules/Custom ArtStyles/American/Units/Maceman/US_Maceman_CIV4ArtDefinesSchema.xml,xml,Modular rule/asset definitions,427,19020,ed610eda5cb549511ffcca989c7cb07b6a2672b5ec78b9fc1378389498326d6b
Assets/Modules/Custom ArtStyles/American/Units/Maceman/US_Maceman_CIV4ArtDefines_Unit.xml,xml,Modular rule/asset definitions,34,1345,4daee4253eecd389f825179925157537cbf504b111dbf843973e38604acc56a5
Assets/Modules/Custom ArtStyles/American/Units/axeman/US_Axeman_CIV4ArtDefinesSchema.xml,xml,Modular rule/asset definitions,427,19020,ed610eda5cb549511ffcca989c7cb07b6a2672b5ec78b9fc1378389498326d6b
Assets/Modules/Custom ArtStyles/American/Units/axeman/US_Axeman_CIV4ArtDefines_Unit.xml,xml,Modular rule/asset definitions,34,1334,ce290f8b346f214233ac0a7fb672bf42f49ed91353ca643d6b2c0f76aa5b3e7b
Assets/Modules/Custom ArtStyles/American/Units/crossbowman/US_Crossbowman_CIV4ArtDefinesSchema.xml,xml,Modular rule/asset definitions,427,19020,ed610eda5cb549511ffcca989c7cb07b6a2672b5ec78b9fc1378389498326d6b
Assets/Modules/Custom ArtStyles/American/Units/crossbowman/US_Crossbowman_CIV4ArtDefines_Unit.xml,xml,Modular rule/asset definitions,34,1358,22aa5482b9d812c096ad5a17255ea660460ce210f553d5dfba85e66f99cfe42b
Assets/Modules/Custom ArtStyles/American/Units/horseman/US_Mounted_Infantry_CIV4ArtDefinesSchema.xml,xml,Modular rule/asset definitions,427,19020,ed610eda5cb549511ffcca989c7cb07b6a2672b5ec78b9fc1378389498326d6b
Assets/Modules/Custom ArtStyles/American/Units/horseman/US_Mounted_Infantry_CIV4ArtDefines_Unit.xml,xml,Modular rule/asset definitions,34,1390,7d7493dd0fbf3b9cde8374c49c45263292dd49caf7d2c0dacdc3f858a8ac2467
Assets/Modules/Custom ArtStyles/American/Units/knight/US_Mailed_Knight_CIV4ArtDefinesSchema.xml,xml,Modular rule/asset definitions,427,19020,ed610eda5cb549511ffcca989c7cb07b6a2672b5ec78b9fc1378389498326d6b
Assets/Modules/Custom ArtStyles/American/Units/knight/US_Mailed_Knight_CIV4ArtDefines_Unit.xml,xml,Modular rule/asset definitions,34,1294,a09e1fd79a0264af451d108d27bce763938dbfb6528b4a879a56832e8cc0f3fe
Assets/Modules/Custom ArtStyles/American/Units/longbowman/US_Longbowman_CIV4ArtDefinesSchema.xml,xml,Modular rule/asset definitions,427,19020,ed610eda5cb549511ffcca989c7cb07b6a2672b5ec78b9fc1378389498326d6b
Assets/Modules/Custom ArtStyles/American/Units/longbowman/US_Longbowman_CIV4ArtDefines_Unit.xml,xml,Modular rule/asset definitions,34,1369,69f32e5fa554b06472266035b03892c15c9a81039bcbcdf4194948c28f56200d
Assets/Modules/Custom ArtStyles/American/Units/pikeman/US_Heavy_Pikeman_CIV4ArtDefinesSchema.xml,xml,Modular rule/asset definitions,427,19020,ed610eda5cb549511ffcca989c7cb07b6a2672b5ec78b9fc1378389498326d6b
Assets/Modules/Custom ArtStyles/American/Units/pikeman/US_Heavy_Pikeman_CIV4ArtDefines_Unit.xml,xml,Modular rule/asset definitions,34,1351,f1c3bfbfba9ac755369b59b60ba46f97ec9e34d08fdf0f2de7bad98ea98b50c3
Assets/Modules/Custom ArtStyles/American/Units/spearman/US_Pikeman_CIV4ArtDefinesSchema.xml,xml,Modular rule/asset definitions,427,19020,ed610eda5cb549511ffcca989c7cb07b6a2672b5ec78b9fc1378389498326d6b
Assets/Modules/Custom ArtStyles/American/Units/spearman/US_Pikeman_CIV4ArtDefines_Unit.xml,xml,Modular rule/asset definitions,34,1395,2704b31bbc64f2bbb79abaa1e0385b4dd65310cbcb5f0327f52bc53fb0432f7c
Assets/Modules/Custom ArtStyles/American/Units/swordsman/US_Swordsman_CIV4ArtDefinesSchema.xml,xml,Modular rule/asset definitions,427,19020,ed610eda5cb549511ffcca989c7cb07b6a2672b5ec78b9fc1378389498326d6b
Assets/Modules/Custom ArtStyles/American/Units/swordsman/US_Swordsman_CIV4ArtDefines_Unit.xml,xml,Modular rule/asset definitions,31,1332,5d24a3bb5f12cec09c147c0ddec86d284eae97720b44db2ef41951762d69b95e
Assets/Modules/Custom ArtStyles/Arabia/Arabia_CIV4CivilizationInfos.xml,xml,Modular rule/asset definitions,12,408,b1888a11529809e8633705093de56b36b645ed138d17ec0bfcaea55ee5a0ff27
Assets/Modules/Custom ArtStyles/Arabia/Arabia_CIV4CivilizationsSchema.xml,xml,Modular rule/asset definitions,556,30162,14dfe5e0ae15b18e7f1b5a699d541d821d847708aa40a031df15b020b339b590
Assets/Modules/Custom ArtStyles/Arabia/Arabia_CIV4UnitArtStyleTypeInfos.xml,xml,Modular rule/asset definitions,277,12552,4b84ddb0984ac66d493ebdd044e335ff07b8347a0e65656f501f2226d4f6ac31
Assets/Modules/Custom ArtStyles/Aztec/Aztec_CIV4CivilizationInfos.xml,xml,Modular rule/asset definitions,12,405,3045a3bb57163c03783f8593790d0e12829c36c00b393afce4c04dbff47aa25f
Assets/Modules/Custom ArtStyles/Aztec/Aztec_CIV4CivilizationsSchema.xml,xml,Modular rule/asset definitions,556,30162,14dfe5e0ae15b18e7f1b5a699d541d821d847708aa40a031df15b020b339b590
Assets/Modules/Custom ArtStyles/Aztec/Aztec_CIV4UnitArtStyleTypeInfos.xml,xml,Modular rule/asset definitions,269,12232,8fc9d01b77a28041e229efec3950f8443ba25405a26bd5c46dbdf3ebb0784614
Assets/Modules/Custom ArtStyles/Babylon/Babylon_CIV4CivilizationInfos.xml,xml,Modular rule/asset definitions,12,411,e32765adc267ab01bfc89a60efb4f0894f47c4539a7aa498a8879eaa7d807200
Assets/Modules/Custom ArtStyles/Babylon/Babylon_CIV4CivilizationsSchema.xml,xml,Modular rule/asset definitions,556,30162,14dfe5e0ae15b18e7f1b5a699d541d821d847708aa40a031df15b020b339b590
Assets/Modules/Custom ArtStyles/Babylon/Babylon_CIV4UnitArtStyleTypeInfos.xml,xml,Modular rule/asset definitions,261,11860,20730eb9952d713ef1d17a5add8fb0dab1435650f6ad06387c1542dd921b4a3a
Assets/Modules/Custom ArtStyles/Babylon/Units/jav_babyl/BabylonJavelineer_CIV4ArtDefinesSchema.xml,xml,Modular rule/asset definitions,427,19020,ed610eda5cb549511ffcca989c7cb07b6a2672b5ec78b9fc1378389498326d6b
Assets/Modules/Custom ArtStyles/Babylon/Units/jav_babyl/BabylonJavelineer_CIV4ArtDefines_Unit.xml,xml,Modular rule/asset definitions,34,1316,6b17c4ad8006af2fc16733be73320b31223c31b5a576e372514d3583f0435626
Assets/Modules/Custom ArtStyles/Barbarian/Barbarian_CIV4CivilizationInfos.xml,xml,Modular rule/asset definitions,16,563,58189a2a73d148bae029af9e0d31e0213056514803719b8e6a4ed6e5bed60b9f
Assets/Modules/Custom ArtStyles/Barbarian/Barbarian_CIV4CivilizationsSchema.xml,xml,Modular rule/asset definitions,556,30162,14dfe5e0ae15b18e7f1b5a699d541d821d847708aa40a031df15b020b339b590
Assets/Modules/Custom ArtStyles/Barbarian/Barbarian_CIV4UnitArtStyleTypeInfos.xml,xml,Modular rule/asset definitions,55,2295,8824261ebdece8f5b08158c3de9f3b0a6e7f2b3adafe43c2cdf1f02116252c2a
Assets/Modules/Custom ArtStyles/Barbarian/Units/Axeman/Axeman_CIV4ArtDefinesSchema.xml,xml,Modular rule/asset definitions,427,19020,ed610eda5cb549511ffcca989c7cb07b6a2672b5ec78b9fc1378389498326d6b
Assets/Modules/Custom ArtStyles/Barbarian/Units/Axeman/Axeman_CIV4ArtDefines_Unit.xml,xml,Modular rule/asset definitions,34,1336,1fe1ca919112d0d3bd98cfd1dc9102d53f65d302eee986f0c48244afc802d1b7
Assets/Modules/Custom ArtStyles/Barbarian/Units/Spearman/Spearman_CIV4ArtDefinesSchema.xml,xml,Modular rule/asset definitions,427,19020,ed610eda5cb549511ffcca989c7cb07b6a2672b5ec78b9fc1378389498326d6b
Assets/Modules/Custom ArtStyles/Barbarian/Units/Spearman/Spearman_CIV4ArtDefines_Unit.xml,xml,Modular rule/asset definitions,34,1375,295b3515a67e69c2d4d23a84baf717c8d8991bf130c57b4874ef64933c23bebf
Assets/Modules/Custom ArtStyles/Barbarian/Units/Swordsman/Swordsman_CIV4ArtDefinesSchema.xml,xml,Modular rule/asset definitions,427,19020,ed610eda5cb549511ffcca989c7cb07b6a2672b5ec78b9fc1378389498326d6b
Assets/Modules/Custom ArtStyles/Barbarian/Units/Swordsman/Swordsman_CIV4ArtDefines_Unit.xml,xml,Modular rule/asset definitions,34,1332,2ace917b620440326b524a036141e13093854e6ce3ba6a279906c2433b594a00
Assets/Modules/Custom ArtStyles/Barbarian/Units/Warrior/Warrior_CIV4ArtDefinesSchema.xml,xml,Modular rule/asset definitions,427,19020,ed610eda5cb549511ffcca989c7cb07b6a2672b5ec78b9fc1378389498326d6b
Assets/Modules/Custom ArtStyles/Barbarian/Units/Warrior/Warrior_CIV4ArtDefines_Unit.xml,xml,Modular rule/asset definitions,34,1314,8dd52c23f2e7df5b8a5d985620294e42964caf048342d517835ed05168006165
Assets/Modules/Custom ArtStyles/Barbarian/Units/Worker/Worker_CIV4ArtDefinesSchema.xml,xml,Modular rule/asset definitions,427,19020,ed610eda5cb549511ffcca989c7cb07b6a2672b5ec78b9fc1378389498326d6b
Assets/Modules/Custom ArtStyles/Barbarian/Units/Worker/Worker_CIV4ArtDefines_Unit.xml,xml,Modular rule/asset definitions,34,1305,58f76d874d2ab1ad8b14db97307cf2ef956a00460333544a62de3bd2cbc07801
Assets/Modules/Custom ArtStyles/Byzantium/Byzantium_CIV4CivilizationInfos.xml,xml,Modular rule/asset definitions,12,417,a632124a8bb69f27fa5a90c8ebc499c80a03021d0d65d1408c0bf9cb5df5f9a6
Assets/Modules/Custom ArtStyles/Byzantium/Byzantium_CIV4CivilizationsSchema.xml,xml,Modular rule/asset definitions,556,30162,14dfe5e0ae15b18e7f1b5a699d541d821d847708aa40a031df15b020b339b590
Assets/Modules/Custom ArtStyles/Byzantium/Byzantium_CIV4UnitArtStyleTypeInfos.xml,xml,Modular rule/asset definitions,151,6684,3d3dd7813dd7e6a5c840fa84a668950253319061ffc39138ec9ddd92c625fb1e
Assets/Modules/Custom ArtStyles/CIV4ModularLoadingControlsSchema.xml,xml,Modular rule/asset definitions,30,1305,cda76dade0a6c37a9449f0f288d92057a5c97daff222366bb72ec7cb43c60470
Assets/Modules/Custom ArtStyles/Carthage/Carthage_CIV4CivilizationInfos.xml,xml,Modular rule/asset definitions,12,414,00dfa5c18e87cea247d197fa69156cef2679a391d544c546c48f83281a41e8a7
Assets/Modules/Custom ArtStyles/Carthage/Carthage_CIV4CivilizationsSchema.xml,xml,Modular rule/asset definitions,556,30162,14dfe5e0ae15b18e7f1b5a699d541d821d847708aa40a031df15b020b339b590
Assets/Modules/Custom ArtStyles/Carthage/Carthage_CIV4UnitArtStyleTypeInfos.xml,xml,Modular rule/asset definitions,159,6926,de785a89dc7356c9e572b872e394c2dc13256994822273e0a142331231532c67
Assets/Modules/Custom ArtStyles/China/China_CIV4CivilizationInfos.xml,xml,Modular rule/asset definitions,12,405,97067633af7e813edc64af83d164e53baa9d1e33f61b8ebc7d1b8c42971554d5
Assets/Modules/Custom ArtStyles/China/China_CIV4CivilizationsSchema.xml,xml,Modular rule/asset definitions,556,30162,14dfe5e0ae15b18e7f1b5a699d541d821d847708aa40a031df15b020b339b590
Assets/Modules/Custom ArtStyles/China/China_CIV4UnitArtStyleTypeInfos.xml,xml,Modular rule/asset definitions,341,15058,861207a33ac9deac109e908c0cba001b08827719dabdc295be9248c381d3869a
Assets/Modules/Custom ArtStyles/China/Longbowman_China/China_longbowman_CIV4ArtDefinesSchema.xml,xml,Modular rule/asset definitions,427,19020,ed610eda5cb549511ffcca989c7cb07b6a2672b5ec78b9fc1378389498326d6b
Assets/Modules/Custom ArtStyles/China/Longbowman_China/China_longbowman_CIV4ArtDefines_Unit.xml,xml,Modular rule/asset definitions,34,1363,182c47470449a382f5224df16001409ea06f814a7badcfc338e43777b1dbc8e7
Assets/Modules/Custom ArtStyles/Dutch/Dutch_CIV4CivilizationInfos.xml,xml,Modular rule/asset definitions,12,411,2398f58773193f6802a509b23fa9c445a0c5e43ad7dec0e43010e6d0dd1c5dfb
Assets/Modules/Custom ArtStyles/Dutch/Dutch_CIV4CivilizationsSchema.xml,xml,Modular rule/asset definitions,556,30162,14dfe5e0ae15b18e7f1b5a699d541d821d847708aa40a031df15b020b339b590
Assets/Modules/Custom ArtStyles/Dutch/Dutch_CIV4UnitArtStyleTypeInfos.xml,xml,Modular rule/asset definitions,189,8460,120774e64228c744576df547ea6d95829d51f32c0ddc50b326824ccaece3a221
Assets/Modules/Custom ArtStyles/India/India_CIV4ArtDefinesSchema.xml,xml,Modular rule/asset definitions,427,19020,ed610eda5cb549511ffcca989c7cb07b6a2672b5ec78b9fc1378389498326d6b
Assets/Modules/Custom ArtStyles/India/India_CIV4ArtDefines_Unit.xml,xml,Modular rule/asset definitions,794,32199,b66592d9caf3b81b3fe9e62b68daa245e099f02e2343f1de8f6d91f7a800bc55
Assets/Modules/Custom ArtStyles/India/India_CIV4CivilizationInfos.xml,xml,Modular rule/asset definitions,12,405,96a1e1335e8a63399a9e1c9856a593e965306d5d7baa3baeeb7c4b0b7f333dc1
Assets/Modules/Custom ArtStyles/India/India_CIV4CivilizationsSchema.xml,xml,Modular rule/asset definitions,556,30162,14dfe5e0ae15b18e7f1b5a699d541d821d847708aa40a031df15b020b339b590
Assets/Modules/Custom ArtStyles/India/India_CIV4UnitArtStyleTypeInfos.xml,xml,Modular rule/asset definitions,393,18185,785160c1546da22e74c2ad60389df5017b033dc5dea1917594e4833eceee90ba
Assets/Modules/Custom ArtStyles/Japan/Japan_CIV4CivilizationInfos.xml,xml,Modular rule/asset definitions,12,405,f7411b24899afaea6c24821f5f489de2127ce587fe738c8249e836632fe285d4
Assets/Modules/Custom ArtStyles/Japan/Japan_CIV4CivilizationsSchema.xml,xml,Modular rule/asset definitions,556,30162,14dfe5e0ae15b18e7f1b5a699d541d821d847708aa40a031df15b020b339b590
Assets/Modules/Custom ArtStyles/Japan/Japan_CIV4UnitArtStyleTypeInfos.xml,xml,Modular rule/asset definitions,349,15403,f1e5fcb8ddbeba63ac175223fc3d35fe411e9699da709d1fc41308a810291aa4
Assets/Modules/Custom ArtStyles/Japan/Units/Archer_Japan/JapanArcher_CIV4ArtDefinesSchema.xml,xml,Modular rule/asset definitions,427,19020,ed610eda5cb549511ffcca989c7cb07b6a2672b5ec78b9fc1378389498326d6b
Assets/Modules/Custom ArtStyles/Japan/Units/Archer_Japan/JapanArcher_CIV4ArtDefines_Unit.xml,xml,Modular rule/asset definitions,34,1347,7ad421300211ee9d63f50a81f8eb88a1296e6b5aa112cdcbb955470edd18541e
Assets/Modules/Custom ArtStyles/Japan/Units/Axeman_Japan/JapanAxeman_CIV4ArtDefinesSchema.xml,xml,Modular rule/asset definitions,427,19020,ed610eda5cb549511ffcca989c7cb07b6a2672b5ec78b9fc1378389498326d6b
Assets/Modules/Custom ArtStyles/Japan/Units/Axeman_Japan/JapanAxeman_CIV4ArtDefines_Unit.xml,xml,Modular rule/asset definitions,34,1351,7e7f878f53802bd51fc14c413795301c4ee165e88631362d7bc66e047aa8a9b7
Assets/Modules/Custom ArtStyles/Japan/Units/Cannon_Japan/JapanCannon_CIV4ArtDefinesSchema.xml,xml,Modular rule/asset definitions,427,19020,ed610eda5cb549511ffcca989c7cb07b6a2672b5ec78b9fc1378389498326d6b
Assets/Modules/Custom ArtStyles/Japan/Units/Cannon_Japan/JapanCannon_CIV4ArtDefines_Unit.xml,xml,Modular rule/asset definitions,42,1625,7cad56581cdaa442bc6e6e67e21a5760a9ac800bcebeac1fb976defd9ee78a1d
Assets/Modules/Custom ArtStyles/Japan/Units/Chariot_Japan/JapanChariot_CIV4ArtDefinesSchema.xml,xml,Modular rule/asset definitions,427,19020,ed610eda5cb549511ffcca989c7cb07b6a2672b5ec78b9fc1378389498326d6b
Assets/Modules/Custom ArtStyles/Japan/Units/Chariot_Japan/JapanChariot_CIV4ArtDefines_Unit.xml,xml,Modular rule/asset definitions,45,1803,83a0ca3394e1c5a3c63e8ffab149c8e9a373c3ecc2535e8adb026f3ea7ae10b5
Assets/Modules/Custom ArtStyles/Japan/Units/Crossbowman_Japan/JapanCrossbowman_CIV4ArtDefinesSchema.xml,xml,Modular rule/asset definitions,427,19020,ed610eda5cb549511ffcca989c7cb07b6a2672b5ec78b9fc1378389498326d6b
Assets/Modules/Custom ArtStyles/Japan/Units/Crossbowman_Japan/JapanCrossbowman_CIV4ArtDefines_Unit.xml,xml,Modular rule/asset definitions,34,1383,2d06d83b05c41a37bb50fabb9fb3ac4f86dbbfa2a50068af7293810ffb3c85d2
Assets/Modules/Custom ArtStyles/Japan/Units/Cuirassier_Japan/JapanCuirassier_CIV4ArtDefinesSchema.xml,xml,Modular rule/asset definitions,427,19020,ed610eda5cb549511ffcca989c7cb07b6a2672b5ec78b9fc1378389498326d6b
Assets/Modules/Custom ArtStyles/Japan/Units/Cuirassier_Japan/JapanCuirassier_CIV4ArtDefines_Unit.xml,xml,Modular rule/asset definitions,34,1385,285f1ffcdcc702cff64c056373e76e8d601d7f2f0ade2e23084379a1316b8f4c
Assets/Modules/Custom ArtStyles/Japan/Units/Horseman_Japan/JapanLightCavalry_CIV4ArtDefinesSchema.xml,xml,Modular rule/asset definitions,427,19020,ed610eda5cb549511ffcca989c7cb07b6a2672b5ec78b9fc1378389498326d6b
Assets/Modules/Custom ArtStyles/Japan/Units/Horseman_Japan/JapanLightCavalry_CIV4ArtDefines_Unit.xml,xml,Modular rule/asset definitions,34,1380,21f98f5dbbea420a6be70ee5c7765fe2713460b2a693429bb7afbf1864adb830
Assets/Modules/Custom ArtStyles/Japan/Units/Infantry_Japan/JapanInfantry_CIV4ArtDefinesSchema.xml,xml,Modular rule/asset definitions,427,19020,ed610eda5cb549511ffcca989c7cb07b6a2672b5ec78b9fc1378389498326d6b
Assets/Modules/Custom ArtStyles/Japan/Units/Infantry_Japan/JapanInfantry_CIV4ArtDefines_Unit.xml,xml,Modular rule/asset definitions,58,2335,98ad6b98ce72cd78ef0a966de0eef2ee54140531b2974ede6fc872a6352f4d5f
Assets/Modules/Custom ArtStyles/Japan/Units/Knight_Japan/JapanMailedKnight_CIV4ArtDefinesSchema.xml,xml,Modular rule/asset definitions,427,19020,ed610eda5cb549511ffcca989c7cb07b6a2672b5ec78b9fc1378389498326d6b
Assets/Modules/Custom ArtStyles/Japan/Units/Knight_Japan/JapanMailedKnight_CIV4ArtDefines_Unit.xml,xml,Modular rule/asset definitions,34,1298,7d20c7c7d2fdc34aaa3fd34b8507c046b952c5343efba720c20cdf4ad8a78797
Assets/Modules/Custom ArtStyles/Japan/Units/LightSwordsman_Japan/JapanLightSwordsman_CIV4ArtDefinesSchema.xml,xml,Modular rule/asset definitions,427,19020,ed610eda5cb549511ffcca989c7cb07b6a2672b5ec78b9fc1378389498326d6b
Assets/Modules/Custom ArtStyles/Japan/Units/LightSwordsman_Japan/JapanLightSwordsman_CIV4ArtDefines_Unit.xml,xml,Modular rule/asset definitions,34,1397,f3cc1b928952ff4ecd744fc3189f74ae505b8f0c9a2e1af1d3541e34c9c9039c
Assets/Modules/Custom ArtStyles/Japan/Units/Maceman_Japan/JapanHeavySwordsman_CIV4ArtDefinesSchema.xml,xml,Modular rule/asset definitions,427,19020,ed610eda5cb549511ffcca989c7cb07b6a2672b5ec78b9fc1378389498326d6b
Assets/Modules/Custom ArtStyles/Japan/Units/Maceman_Japan/JapanHeavySwordsman_CIV4ArtDefines_Unit.xml,xml,Modular rule/asset definitions,34,1380,e2ee5ccba0e6119d941420abd0c9f7e3e8f5971933935fc5649d61888f45ed4a
Assets/Modules/Custom ArtStyles/Japan/Units/Musketman_Japan/JapanArquebusier_CIV4ArtDefinesSchema.xml,xml,Modular rule/asset definitions,427,19020,ed610eda5cb549511ffcca989c7cb07b6a2672b5ec78b9fc1378389498326d6b
Assets/Modules/Custom ArtStyles/Japan/Units/Musketman_Japan/JapanArquebusier_CIV4ArtDefines_Unit.xml,xml,Modular rule/asset definitions,34,1401,6fc63390d3b2ab34343c832b3383a8260b3024b870feeca813ac952032d5a03d
Assets/Modules/Custom ArtStyles/Japan/Units/Swordsman_Japan/JapanSwordsman_CIV4ArtDefinesSchema.xml,xml,Modular rule/asset definitions,427,19020,ed610eda5cb549511ffcca989c7cb07b6a2672b5ec78b9fc1378389498326d6b
Assets/Modules/Custom ArtStyles/Japan/Units/Swordsman_Japan/JapanSwordsman_CIV4ArtDefines_Unit.xml,xml,Modular rule/asset definitions,34,1377,4f2f3f56a014eb124e89e65e89056b4f3d007a6298af2d7762090cfcdb33c566
Assets/Modules/Custom ArtStyles/Japan/Units/cavalry_japan/JapanCavalry_CIV4ArtDefinesSchema.xml,xml,Modular rule/asset definitions,427,19020,ed610eda5cb549511ffcca989c7cb07b6a2672b5ec78b9fc1378389498326d6b
Assets/Modules/Custom ArtStyles/Japan/Units/cavalry_japan/JapanCavalry_CIV4ArtDefines_Unit.xml,xml,Modular rule/asset definitions,34,1353,ad1ce4a977848bf0f09b315a7f406e976f06e0e14d4166dae33f185f9187083b
Assets/Modules/Custom ArtStyles/Japan/Units/grenadier_japan/JapanGrenadier_CIV4ArtDefinesSchema.xml,xml,Modular rule/asset definitions,427,19020,ed610eda5cb549511ffcca989c7cb07b6a2672b5ec78b9fc1378389498326d6b
Assets/Modules/Custom ArtStyles/Japan/Units/grenadier_japan/JapanGrenadier_CIV4ArtDefines_Unit.xml,xml,Modular rule/asset definitions,34,1358,1af4548ea85ad369c6f6535a6ca8a8a4b10435158eda6a9ad0a82ed60848f89f
Assets/Modules/Custom ArtStyles/Japan/Units/machinegun_japan/JapanMachinegun_CIV4ArtDefinesSchema.xml,xml,Modular rule/asset definitions,427,19020,ed610eda5cb549511ffcca989c7cb07b6a2672b5ec78b9fc1378389498326d6b
Assets/Modules/Custom ArtStyles/Japan/Units/machinegun_japan/JapanMachinegun_CIV4ArtDefines_Unit.xml,xml,Modular rule/asset definitions,34,1384,2ca1e01d2ddbb83beb63391234b69c683c569e60d91ad06242f8218759349f2c
Assets/Modules/Custom ArtStyles/Japan/Units/rifleman_japan/JapanRifleman_CIV4ArtDefinesSchema.xml,xml,Modular rule/asset definitions,427,19020,ed610eda5cb549511ffcca989c7cb07b6a2672b5ec78b9fc1378389498326d6b
Assets/Modules/Custom ArtStyles/Japan/Units/rifleman_japan/JapanRifleman_CIV4ArtDefines_Unit.xml,xml,Modular rule/asset definitions,34,1369,9010d44479f8e0a80400ffd1fbb11c2c854c174769dbe2365caad1ee5bc81313
Assets/Modules/Custom ArtStyles/MLF_CIV4ModularLoadingControls.xml,xml,Modular rule/asset definitions,387,8782,7aa3180729f9e59d349f23bb6fbf0cfbaa7206497591829ea214fa2416cb65ca
Assets/Modules/Custom ArtStyles/Rome/Rome_CIV4CivilizationInfos.xml,xml,Modular rule/asset definitions,12,402,674c83e65e4d5a23d289ebaf6c4ada379e9927364a9222a0a4321f4a8e74702c
Assets/Modules/Custom ArtStyles/Rome/Rome_CIV4CivilizationsSchema.xml,xml,Modular rule/asset definitions,556,30162,14dfe5e0ae15b18e7f1b5a699d541d821d847708aa40a031df15b020b339b590
Assets/Modules/Custom ArtStyles/Rome/Rome_CIV4UnitArtStyleTypeInfos.xml,xml,Modular rule/asset definitions,191,8228,be49a53561dfcf312ed32a4518d1ca93c9d5730477e8894589808c9bf0d0b5cb
Assets/Modules/Custom ArtStyles/Russia/Russia_CIV4CivilizationInfos.xml,xml,Modular rule/asset definitions,12,408,f1c791d721c2fb83e911fb393356c3329cda762031a931d1412dd4f3d7b038b7
Assets/Modules/Custom ArtStyles/Russia/Russia_CIV4CivilizationsSchema.xml,xml,Modular rule/asset definitions,556,30162,14dfe5e0ae15b18e7f1b5a699d541d821d847708aa40a031df15b020b339b590
Assets/Modules/Custom ArtStyles/Russia/Russia_CIV4UnitArtStyleTypeInfos.xml,xml,Modular rule/asset definitions,165,7409,37ee17bf6c6819b22574083d0d167439232fd1b13439e9b1e7cd193374329492
Assets/Modules/Custom ArtStyles/Viking/Viking_CIV4CivilizationInfos.xml,xml,Modular rule/asset definitions,12,408,4ca4dbf78beef3ff436fb52500120988e7f26d53d540a4d48947bb90f24a8193
Assets/Modules/Custom ArtStyles/Viking/Viking_CIV4CivilizationsSchema.xml,xml,Modular rule/asset definitions,556,30162,14dfe5e0ae15b18e7f1b5a699d541d821d847708aa40a031df15b020b339b590
Assets/Modules/Custom ArtStyles/Viking/Viking_CIV4UnitArtStyleTypeInfos.xml,xml,Modular rule/asset definitions,237,10576,8aed669369bc8131a08d03f5d4938973cbc267c2785d6d48632d633111c14a0e
Assets/Modules/Custom Civilizations/CIV4ModularLoadingControlsSchema.xml,xml,Modular rule/asset definitions,30,1305,cda76dade0a6c37a9449f0f288d92057a5c97daff222366bb72ec7cb43c60470
Assets/Modules/Custom Civilizations/MLF_CIV4ModularLoadingControls.xml,xml,Modular rule/asset definitions,231,5340,20a5cb861e733e37fe8ba633d3f2ad32c6807f8784338e5ccf101c38f2a54217
Assets/Modules/Custom Leaderheads/AbuBakr/AbuBakr_CIV4ArtDefinesSchema.xml,xml,Modular rule/asset definitions,427,19020,ed610eda5cb549511ffcca989c7cb07b6a2672b5ec78b9fc1378389498326d6b
Assets/Modules/Custom Leaderheads/AbuBakr/AbuBakr_CIV4ArtDefines_Leaderhead.xml,xml,Modular rule/asset definitions,16,746,0bd57c031543d1f9de0067f58c7c4ed3fdc534f8b3230205fed24ada9097ec0a
Assets/Modules/Custom Leaderheads/AbuBakr/AbuBakr_CIV4CivilizationInfos.xml,xml,Modular rule/asset definitions,17,502,8aeb839287463bae83a0a7415646cfd18d521a9d4862de2c4a11ddbe043b590a
Assets/Modules/Custom Leaderheads/AbuBakr/AbuBakr_CIV4CivilizationsSchema.xml,xml,Modular rule/asset definitions,570,31009,7b83ac9134397e57900347408a11c5dff0db5a6036f07f69c7bba86aab7dd543
Assets/Modules/Custom Leaderheads/AbuBakr/AbuBakr_CIV4DiplomacyInfos.xml,xml,Modular rule/asset definitions,28,771,d98af86e134fbaadd18f3d4f539ed32c85b2381f759ab4deee08b0d06fd73403
Assets/Modules/Custom Leaderheads/AbuBakr/AbuBakr_CIV4GameInfoSchema.xml,xml,Modular rule/asset definitions,1573,82111,70aad1b2ae2cb1057a32c807a71a0b14cd545e92b304f5bcbf64fb8dc3e7ed17
Assets/Modules/Custom Leaderheads/AbuBakr/AbuBakr_CIV4GameText.xml,xml,Modular rule/asset definitions,46,15644,9dd4e22c82a1aa713aafe01be9a388dc3bf7170c038fbdb6dbd17858ecbb4521
Assets/Modules/Custom Leaderheads/AbuBakr/AbuBakr_CIV4LeaderHeadInfos.xml,xml,Modular rule/asset definitions,588,23178,6e016420d19772d77203e177ba3645984b7dfd2e66882e253f529e67fc7f6a57
Assets/Modules/Custom Leaderheads/Afonso/Afonso_CIV4ArtDefinesSchema.xml,xml,Modular rule/asset definitions,427,19020,ed610eda5cb549511ffcca989c7cb07b6a2672b5ec78b9fc1378389498326d6b
Assets/Modules/Custom Leaderheads/Afonso/Afonso_CIV4ArtDefines_Leaderhead.xml,xml,Modular rule/asset definitions,18,835,db9112e4559817ef6843714907aa25f602baf7def1ff54ffc549e0a866634eed
Assets/Modules/Custom Leaderheads/Afonso/Afonso_CIV4CivilizationInfos.xml,xml,Modular rule/asset definitions,17,502,b395660651dc01a7bad990142afcc6702be5439f9daf238e4639254dad14bda8
Assets/Modules/Custom Leaderheads/Afonso/Afonso_CIV4CivilizationsSchema.xml,xml,Modular rule/asset definitions,570,31009,7b83ac9134397e57900347408a11c5dff0db5a6036f07f69c7bba86aab7dd543
Assets/Modules/Custom Leaderheads/Afonso/Afonso_CIV4DiplomacyInfos.xml,xml,Modular rule/asset definitions,28,768,ec545e7e96caec203555f02fbee35351156bf7c3092b8179c3ce25760645f44c
Assets/Modules/Custom Leaderheads/Afonso/Afonso_CIV4GameInfoSchema.xml,xml,Modular rule/asset definitions,1573,82111,70aad1b2ae2cb1057a32c807a71a0b14cd545e92b304f5bcbf64fb8dc3e7ed17
Assets/Modules/Custom Leaderheads/Afonso/Afonso_CIV4GameText.xml,xml,Modular rule/asset definitions,30,16935,d4c5cc7283784fa10f3606c11853ae4f150ddbc8f36701a242727ddd2a021a60
Assets/Modules/Custom Leaderheads/Afonso/Afonso_CIV4LeaderHeadInfos.xml,xml,Modular rule/asset definitions,592,22652,fbf3b8e1961613b57482c17737ade4dd3d6e7a730fa113c9359d38604785bde2
Assets/Modules/Custom Leaderheads/Basil/Basil_CIV4ArtDefinesSchema.xml,xml,Modular rule/asset definitions,427,19020,ed610eda5cb549511ffcca989c7cb07b6a2672b5ec78b9fc1378389498326d6b
Assets/Modules/Custom Leaderheads/Basil/Basil_CIV4ArtDefines_Leaderhead.xml,xml,Modular rule/asset definitions,16,716,c6eaaf236f120fa1461f6053cfc11b724038ed06e73f754a9399b85eff4beefd
Assets/Modules/Custom Leaderheads/Basil/Basil_CIV4CivilizationInfos.xml,xml,Modular rule/asset definitions,17,501,6537e6a599fcc01cd580decefde1ad059db1e77492b9802e7f7831db35548199
Assets/Modules/Custom Leaderheads/Basil/Basil_CIV4CivilizationsSchema.xml,xml,Modular rule/asset definitions,570,31009,7b83ac9134397e57900347408a11c5dff0db5a6036f07f69c7bba86aab7dd543
Assets/Modules/Custom Leaderheads/Basil/Basil_CIV4DiplomacyInfos.xml,xml,Modular rule/asset definitions,27,712,d87f8445617a48a5b57d5c23ca53f235817b8a695bfad5145153af2ca90a1b8b
Assets/Modules/Custom Leaderheads/Basil/Basil_CIV4GameInfoSchema.xml,xml,Modular rule/asset definitions,1573,82111,70aad1b2ae2cb1057a32c807a71a0b14cd545e92b304f5bcbf64fb8dc3e7ed17
Assets/Modules/Custom Leaderheads/Basil/Basil_CIV4GameText.xml,xml,Modular rule/asset definitions,30,18896,a9f3ed5d711a33d6979a59b851f829ecdd2f91776b07aba2dcad5d21be771adf
Assets/Modules/Custom Leaderheads/Basil/Basil_CIV4LeaderHeadInfos.xml,xml,Modular rule/asset definitions,579,22190,2815638f0126c84a4a6cb7367f337b1a2bb19a273af9ab6fe18515f708e085c7
Assets/Modules/Custom Leaderheads/Basil/huayna_capac_anim.h,h,Modular rule/asset definitions,23,690,a048c0a7b86f021c9f6da5f6eb399344e45b4d6573d11f72f0bf26bd49aed034
Assets/Modules/Custom Leaderheads/CIV4ModularLoadingControlsSchema.xml,xml,Modular rule/asset definitions,30,1305,cda76dade0a6c37a9449f0f288d92057a5c97daff222366bb72ec7cb43c60470
Assets/Modules/Custom Leaderheads/Cetshwayo/Cetshwayo_CIV4ArtDefinesSchema.xml,xml,Modular rule/asset definitions,427,19020,ed610eda5cb549511ffcca989c7cb07b6a2672b5ec78b9fc1378389498326d6b
Assets/Modules/Custom Leaderheads/Cetshwayo/Cetshwayo_CIV4ArtDefines_Leaderhead.xml,xml,Modular rule/asset definitions,18,859,6d1a4ab20fc1ddbad0607ae6607a90a1e9beabdaf3617c6773c3ba324e5ee53e
Assets/Modules/Custom Leaderheads/Cetshwayo/Cetshwayo_CIV4CivilizationInfos.xml,xml,Modular rule/asset definitions,17,504,1e7620f6c2c225e87a572b60a931e8e817227a23607266f73cac47ff24af6303
Assets/Modules/Custom Leaderheads/Cetshwayo/Cetshwayo_CIV4CivilizationsSchema.xml,xml,Modular rule/asset definitions,570,31009,7b83ac9134397e57900347408a11c5dff0db5a6036f07f69c7bba86aab7dd543
Assets/Modules/Custom Leaderheads/Cetshwayo/Cetshwayo_CIV4DiplomacyInfos.xml,xml,Modular rule/asset definitions,27,724,b716ab88b09239cd936999f0e15b7103d1e00a9004cb3cb662785f0cba708550
Assets/Modules/Custom Leaderheads/Cetshwayo/Cetshwayo_CIV4GameInfoSchema.xml,xml,Modular rule/asset definitions,1573,82111,70aad1b2ae2cb1057a32c807a71a0b14cd545e92b304f5bcbf64fb8dc3e7ed17
Assets/Modules/Custom Leaderheads/Cetshwayo/Cetshwayo_CIV4GameText.xml,xml,Modular rule/asset definitions,30,16808,cef56a0ca27c521a71277fb28b706b1a4187cdc732cecaa111a97dedde0bc741
Assets/Modules/Custom Leaderheads/Cetshwayo/Cetshwayo_CIV4LeaderHeadInfos.xml,xml,Modular rule/asset definitions,608,23328,7704472e40e230969427b7b851bda9e60786aa368ab2a797d32e41bb468cfae2
Assets/Modules/Custom Leaderheads/Charles_V/Charles_V_CIV4ArtDefinesSchema.xml,xml,Modular rule/asset definitions,427,19020,ed610eda5cb549511ffcca989c7cb07b6a2672b5ec78b9fc1378389498326d6b
Assets/Modules/Custom Leaderheads/Charles_V/Charles_V_CIV4ArtDefines_Leaderhead.xml,xml,Modular rule/asset definitions,18,852,d75cc4787d4e47fa7bb1c4eac0ef6d73ce7c76387439d11d9657cc413bde72c6
Assets/Modules/Custom Leaderheads/Charles_V/Charles_V_CIV4CivilizationInfos.xml,xml,Modular rule/asset definitions,17,510,07012e931d5d8be78c2a296656a923ec1ce46336e6581fcfc92b600ff8992b4f
Assets/Modules/Custom Leaderheads/Charles_V/Charles_V_CIV4CivilizationsSchema.xml,xml,Modular rule/asset definitions,570,31009,7b83ac9134397e57900347408a11c5dff0db5a6036f07f69c7bba86aab7dd543
Assets/Modules/Custom Leaderheads/Charles_V/Charles_V_CIV4DiplomacyInfos.xml,xml,Modular rule/asset definitions,27,724,546db3ab54a512f2ea08a4a813b5549c7c1e0afda079aa8571b18d1bed9e5b0d
Assets/Modules/Custom Leaderheads/Charles_V/Charles_V_CIV4GameInfoSchema.xml,xml,Modular rule/asset definitions,1573,82111,70aad1b2ae2cb1057a32c807a71a0b14cd545e92b304f5bcbf64fb8dc3e7ed17
Assets/Modules/Custom Leaderheads/Charles_V/Charles_V_CIV4GameText.xml,xml,Modular rule/asset definitions,91,74737,6e6bf1a8b57c76c246699c18878cbcaace4893d43103e885712622446811ebf3
Assets/Modules/Custom Leaderheads/Charles_V/Charles_V_CIV4LeaderHeadInfos.xml,xml,Modular rule/asset definitions,585,22479,8315cef14511cd12a92c6d4b05ebb91f6d16b043cdf5f3e3bc79d564327c017e
Assets/Modules/Custom Leaderheads/Charles_V/peter_anim.h,h,Modular rule/asset definitions,23,662,8b17ed7552199409ec60c2e42eb3e1368f842f8537462d44c7c33ca1e87b3c4c
Assets/Modules/Custom Leaderheads/Charles_V/peter_bg_anim.h,h,Modular rule/asset definitions,16,408,60444edb2bea5ed201c0198ea4a6882bfebadbba7f59528a2d7f93251d2d7a5e
Assets/Modules/Custom Leaderheads/Cleopatra/Cleopatra_CIV4ArtDefinesSchema.xml,xml,Modular rule/asset definitions,427,19020,ed610eda5cb549511ffcca989c7cb07b6a2672b5ec78b9fc1378389498326d6b
Assets/Modules/Custom Leaderheads/Cleopatra/Cleopatra_CIV4ArtDefines_Leaderhead.xml,xml,Modular rule/asset definitions,16,731,2fbbf5fd0684663c1b19563f39436f3cfb63e1a51effdbda3bce3e4f3226443a
Assets/Modules/Custom Leaderheads/Cleopatra/Cleopatra_CIV4CivilizationInfos.xml,xml,Modular rule/asset definitions,17,505,5e2a5f7acff5580e633e5bd0f9ff53e399cc1e1666cd3568a0bf64bf1ab4303b
Assets/Modules/Custom Leaderheads/Cleopatra/Cleopatra_CIV4CivilizationsSchema.xml,xml,Modular rule/asset definitions,570,31009,7b83ac9134397e57900347408a11c5dff0db5a6036f07f69c7bba86aab7dd543
Assets/Modules/Custom Leaderheads/Cleopatra/Cleopatra_CIV4DiplomacyInfos.xml,xml,Modular rule/asset definitions,27,724,58b7b3d6819172a4607c9a7b68f4070c29e79bd35d1de1aa1482ed24dd6347c9
Assets/Modules/Custom Leaderheads/Cleopatra/Cleopatra_CIV4GameInfoSchema.xml,xml,Modular rule/asset definitions,1573,82111,70aad1b2ae2cb1057a32c807a71a0b14cd545e92b304f5bcbf64fb8dc3e7ed17
Assets/Modules/Custom Leaderheads/Cleopatra/Cleopatra_CIV4GameText.xml,xml,Modular rule/asset definitions,31,25374,b9d1a3c7cbedc45e3ae3dfb230c7e962943395c027be87745d95b4c849e2e0d8
Assets/Modules/Custom Leaderheads/Cleopatra/Cleopatra_CIV4LeaderHeadInfos.xml,xml,Modular rule/asset definitions,601,23359,2f3ba2699da586881cb935fe2e7ec2fbacc29230ead7f5b0d6e2a639b29f7c34
Assets/Modules/Custom Leaderheads/Dido/Dido_CIV4ArtDefinesSchema.xml,xml,Modular rule/asset definitions,427,19020,ed610eda5cb549511ffcca989c7cb07b6a2672b5ec78b9fc1378389498326d6b
Assets/Modules/Custom Leaderheads/Dido/Dido_CIV4ArtDefines_Leaderhead.xml,xml,Modular rule/asset definitions,16,701,240d25cecacfe4943f08e53e424bd50aa32c58232ac9a3ee91a3b98e31cf9058
Assets/Modules/Custom Leaderheads/Dido/Dido_CIV4CivilizationInfos.xml,xml,Modular rule/asset definitions,17,498,56986fda0a7b61df6e58d5ec053640efd6548c03b37927450f09aa8633a539a1
Assets/Modules/Custom Leaderheads/Dido/Dido_CIV4CivilizationsSchema.xml,xml,Modular rule/asset definitions,570,31009,7b83ac9134397e57900347408a11c5dff0db5a6036f07f69c7bba86aab7dd543
Assets/Modules/Custom Leaderheads/Dido/Dido_CIV4DiplomacyInfos.xml,xml,Modular rule/asset definitions,27,709,c9a10777ece88ed0b417f298d7c0585f05c629220269ad5b18f10c9f07340743
Assets/Modules/Custom Leaderheads/Dido/Dido_CIV4GameInfoSchema.xml,xml,Modular rule/asset definitions,1573,82111,70aad1b2ae2cb1057a32c807a71a0b14cd545e92b304f5bcbf64fb8dc3e7ed17
Assets/Modules/Custom Leaderheads/Dido/Dido_CIV4GameText.xml,xml,Modular rule/asset definitions,30,11554,47f61bab80b18907d0ff25cf3fd653b5936afdca22b646693dd3bd53d72fe175
Assets/Modules/Custom Leaderheads/Dido/Dido_CIV4LeaderHeadInfos.xml,xml,Modular rule/asset definitions,596,22887,f766eb1714bd57d5730a6335a4af3ecfbc37f6bac4682173b40be955cb06ca2e
Assets/Modules/Custom Leaderheads/Franco/Franco_CIV4ArtDefinesSchema.xml,xml,Modular rule/asset definitions,427,19020,ed610eda5cb549511ffcca989c7cb07b6a2672b5ec78b9fc1378389498326d6b
Assets/Modules/Custom Leaderheads/Franco/Franco_CIV4ArtDefines_Leaderhead.xml,xml,Modular rule/asset definitions,16,706,39af0f6dafc8b9e63e8d7a2d34ed90a7183e140ec282bec609d42d1add223715
Assets/Modules/Custom Leaderheads/Franco/Franco_CIV4CivilizationInfos.xml,xml,Modular rule/asset definitions,17,499,8ceab4f41f4cc35c0cb37d91090d001ed5d116ae3b509edab8888ff155e8b1fc
Assets/Modules/Custom Leaderheads/Franco/Franco_CIV4CivilizationsSchema.xml,xml,Modular rule/asset definitions,570,31009,7b83ac9134397e57900347408a11c5dff0db5a6036f07f69c7bba86aab7dd543
Assets/Modules/Custom Leaderheads/Franco/Franco_CIV4DiplomacyInfos.xml,xml,Modular rule/asset definitions,27,715,5dea84d19bef4b7966fce428dac27977ebb299b1c3cdfdeb2c903996b34765a6
Assets/Modules/Custom Leaderheads/Franco/Franco_CIV4GameInfoSchema.xml,xml,Modular rule/asset definitions,1573,82111,70aad1b2ae2cb1057a32c807a71a0b14cd545e92b304f5bcbf64fb8dc3e7ed17
Assets/Modules/Custom Leaderheads/Franco/Franco_CIV4GameText.xml,xml,Modular rule/asset definitions,46,13412,a31ab6407a99aa2accabc9099f7309bd2e581cf63de59c69bef316d154dbb1fc
Assets/Modules/Custom Leaderheads/Franco/Franco_CIV4LeaderHeadInfos.xml,xml,Modular rule/asset definitions,591,23473,2c39183d53fab481d7001a2f4aef70334f217fc705aa15040ca49e4953bc5bfd
Assets/Modules/Custom Leaderheads/Henry VIII/Henry_VIII_CIV4ArtDefinesSchema.xml,xml,Modular rule/asset definitions,427,19020,ed610eda5cb549511ffcca989c7cb07b6a2672b5ec78b9fc1378389498326d6b
Assets/Modules/Custom Leaderheads/Henry VIII/Henry_VIII_CIV4ArtDefines_Leaderhead.xml,xml,Modular rule/asset definitions,18,855,adb5b40be2b67a5961b2927ad60cc7b6a1e9977cd30faff32000e37afc8781a9
Assets/Modules/Custom Leaderheads/Henry VIII/Henry_VIII_CIV4CivilizationInfos.xml,xml,Modular rule/asset definitions,17,509,6da3259a8b9a60e4d20309df76c377c3912fc7e13b35ee0992592f58ff67f1f3
Assets/Modules/Custom Leaderheads/Henry VIII/Henry_VIII_CIV4CivilizationsSchema.xml,xml,Modular rule/asset definitions,570,31009,7b83ac9134397e57900347408a11c5dff0db5a6036f07f69c7bba86aab7dd543
Assets/Modules/Custom Leaderheads/Henry VIII/Henry_VIII_CIV4DiplomacyInfos.xml,xml,Modular rule/asset definitions,27,727,44dee50de8a63ed6c508da6ec38f72dcf1859ffe5a0476480c7162d2f27e722d
Assets/Modules/Custom Leaderheads/Henry VIII/Henry_VIII_CIV4GameInfoSchema.xml,xml,Modular rule/asset definitions,1573,82111,70aad1b2ae2cb1057a32c807a71a0b14cd545e92b304f5bcbf64fb8dc3e7ed17
Assets/Modules/Custom Leaderheads/Henry VIII/Henry_VIII_CIV4GameText.xml,xml,Modular rule/asset definitions,30,25013,538df8c378a9777450b9e17b09556113f66779f9abd547bb3ea0856c7dcefbd8
Assets/Modules/Custom Leaderheads/Henry VIII/Henry_VIII_CIV4LeaderHeadInfos.xml,xml,Modular rule/asset definitions,583,22946,d43a23a6cf754ed881aa46fe4f3d3b2e3dbd483d216f98c444ef3d24758996db
Assets/Modules/Custom Leaderheads/Henry VIII/peter_anim.h,h,Modular rule/asset definitions,23,662,8b17ed7552199409ec60c2e42eb3e1368f842f8537462d44c7c33ca1e87b3c4c
Assets/Modules/Custom Leaderheads/Henry VIII/peter_bg_anim.h,h,Modular rule/asset definitions,16,408,60444edb2bea5ed201c0198ea4a6882bfebadbba7f59528a2d7f93251d2d7a5e
Assets/Modules/Custom Leaderheads/Hirohito/Hirohito_CIV4ArtDefinesSchema.xml,xml,Modular rule/asset definitions,427,19020,ed610eda5cb549511ffcca989c7cb07b6a2672b5ec78b9fc1378389498326d6b
Assets/Modules/Custom Leaderheads/Hirohito/Hirohito_CIV4ArtDefines_Leaderhead.xml,xml,Modular rule/asset definitions,16,724,74e32dd98611f7f2e4bafd61c3ff6f23d132a1207d0bc8938fecbdfc7c97c537
Assets/Modules/Custom Leaderheads/Hirohito/Hirohito_CIV4CivilizationInfos.xml,xml,Modular rule/asset definitions,17,503,5451a1cf02a8739bfec4a83d439c915059a3db372f8ee508d7135a1b43595c60
Assets/Modules/Custom Leaderheads/Hirohito/Hirohito_CIV4CivilizationsSchema.xml,xml,Modular rule/asset definitions,570,31009,7b83ac9134397e57900347408a11c5dff0db5a6036f07f69c7bba86aab7dd543
Assets/Modules/Custom Leaderheads/Hirohito/Hirohito_CIV4DiplomacyInfos.xml,xml,Modular rule/asset definitions,27,721,a5f186aa51d3dc92ef385c6a4fb7b2a8169022048904673e5731eae92808f702
Assets/Modules/Custom Leaderheads/Hirohito/Hirohito_CIV4GameInfoSchema.xml,xml,Modular rule/asset definitions,1573,82111,70aad1b2ae2cb1057a32c807a71a0b14cd545e92b304f5bcbf64fb8dc3e7ed17
Assets/Modules/Custom Leaderheads/Hirohito/Hirohito_CIV4GameText.xml,xml,Modular rule/asset definitions,30,24527,0b9b1d9684719d5f1012794c2b4997767408eb623ec59d6a9788ada70bed66b3
Assets/Modules/Custom Leaderheads/Hirohito/Hirohito_CIV4LeaderHeadInfos.xml,xml,Modular rule/asset definitions,583,22351,27d2fe47441e6c646409622fe7cfffe0128bdeb29ad25e5f602f7069889054e7
Assets/Modules/Custom Leaderheads/Ivan IV/Ivan_CIV4ArtDefinesSchema.xml,xml,Modular rule/asset definitions,427,19020,ed610eda5cb549511ffcca989c7cb07b6a2672b5ec78b9fc1378389498326d6b
Assets/Modules/Custom Leaderheads/Ivan IV/Ivan_CIV4ArtDefines_Leaderhead.xml,xml,Modular rule/asset definitions,16,698,96e784af80ed093eb938a62c6848abf41c3cffe7d528bf2357b464e567e91424
Assets/Modules/Custom Leaderheads/Ivan IV/Ivan_CIV4CivilizationInfos.xml,xml,Modular rule/asset definitions,17,496,ff837acffbdd3b7ddd37d7b72bf4f36a374e9223a395b6b4becf4fb9b8a0a875
Assets/Modules/Custom Leaderheads/Ivan IV/Ivan_CIV4CivilizationsSchema.xml,xml,Modular rule/asset definitions,570,31009,7b83ac9134397e57900347408a11c5dff0db5a6036f07f69c7bba86aab7dd543
Assets/Modules/Custom Leaderheads/Ivan IV/Ivan_CIV4DiplomacyInfos.xml,xml,Modular rule/asset definitions,27,709,dee807b1ee6b2b5c4e072aac8c54c740f6b6bdf37d44fa156b792af8f2f8829d
Assets/Modules/Custom Leaderheads/Ivan IV/Ivan_CIV4GameInfoSchema.xml,xml,Modular rule/asset definitions,1573,82111,70aad1b2ae2cb1057a32c807a71a0b14cd545e92b304f5bcbf64fb8dc3e7ed17
Assets/Modules/Custom Leaderheads/Ivan IV/Ivan_CIV4GameText.xml,xml,Modular rule/asset definitions,90,54406,408878c0b615bb1eae5178d785d34105999f94fabedff6122acbcd55dc4b41c8
Assets/Modules/Custom Leaderheads/Ivan IV/Ivan_CIV4LeaderHeadInfos.xml,xml,Modular rule/asset definitions,587,22714,e0fcbc34c5b86fc267ab7fb9ec8048bc798b7e62c03c175b8b401daee500dbc5
Assets/Modules/Custom Leaderheads/Jayavarman/Jayavarman_CIV4ArtDefinesSchema.xml,xml,Modular rule/asset definitions,427,19020,ed610eda5cb549511ffcca989c7cb07b6a2672b5ec78b9fc1378389498326d6b
Assets/Modules/Custom Leaderheads/Jayavarman/Jayavarman_CIV4ArtDefines_Leaderhead.xml,xml,Modular rule/asset definitions,16,726,1c9701382fbee76572e2f997dfa4b0ebef24183194b69c3c46606b87cbb95f55
Assets/Modules/Custom Leaderheads/Jayavarman/Jayavarman_CIV4CivilizationInfos.xml,xml,Modular rule/asset definitions,17,507,0c9d61f698bca7fc7fcb830312be7c5eb1f098de9d911b0ac4b23cb69bc77698
Assets/Modules/Custom Leaderheads/Jayavarman/Jayavarman_CIV4CivilizationsSchema.xml,xml,Modular rule/asset definitions,570,31009,7b83ac9134397e57900347408a11c5dff0db5a6036f07f69c7bba86aab7dd543
Assets/Modules/Custom Leaderheads/Jayavarman/Jayavarman_CIV4DiplomacyInfos.xml,xml,Modular rule/asset definitions,27,727,d8d1a09f8821e409b8d2e964c2e3705e41fbf2ca08630c6ef6a1fdafbc23cf36
Assets/Modules/Custom Leaderheads/Jayavarman/Jayavarman_CIV4GameInfoSchema.xml,xml,Modular rule/asset definitions,1573,82111,70aad1b2ae2cb1057a32c807a71a0b14cd545e92b304f5bcbf64fb8dc3e7ed17
Assets/Modules/Custom Leaderheads/Jayavarman/Jayavarman_CIV4GameText.xml,xml,Modular rule/asset definitions,30,19405,be0a178e80227366edd5a202856681fd7a5d05ae46efd2c0fcd7fe1e6d906b62
Assets/Modules/Custom Leaderheads/Jayavarman/Jayavarman_CIV4LeaderHeadInfos.xml,xml,Modular rule/asset definitions,583,22939,f1e8a1025be254c77ea8913e07b0088dcd30d48acfea06d02aabc6c0a2025fdb
Assets/Modules/Custom Leaderheads/JoanofArc/JoanofArc_CIV4ArtDefinesSchema.xml,xml,Modular rule/asset definitions,427,19020,ed610eda5cb549511ffcca989c7cb07b6a2672b5ec78b9fc1378389498326d6b
Assets/Modules/Custom Leaderheads/JoanofArc/JoanofArc_CIV4ArtDefines_Leaderhead.xml,xml,Modular rule/asset definitions,16,727,739d298c60c4d03c2c57414b8bacc3134f195929a2d1832f21e8d7a24d4d8516
Assets/Modules/Custom Leaderheads/JoanofArc/JoanofArc_CIV4CivilizationInfos.xml,xml,Modular rule/asset definitions,17,506,a04abe41db10403851308d367d03d3d61af4e9bce0696443e015d710e3de9542
Assets/Modules/Custom Leaderheads/JoanofArc/JoanofArc_CIV4CivilizationsSchema.xml,xml,Modular rule/asset definitions,570,31009,7b83ac9134397e57900347408a11c5dff0db5a6036f07f69c7bba86aab7dd543
Assets/Modules/Custom Leaderheads/JoanofArc/JoanofArc_CIV4DiplomacyInfos.xml,xml,Modular rule/asset definitions,27,724,afd9708d3c85af11db1d4f9081d978ec01cd76119f436b6f555f4bf6c3fee987
Assets/Modules/Custom Leaderheads/JoanofArc/JoanofArc_CIV4GameInfoSchema.xml,xml,Modular rule/asset definitions,1573,82111,70aad1b2ae2cb1057a32c807a71a0b14cd545e92b304f5bcbf64fb8dc3e7ed17
Assets/Modules/Custom Leaderheads/JoanofArc/JoanofArc_CIV4GameText.xml,xml,Modular rule/asset definitions,30,30389,e61d5cf5aa04452086ea79a2be18a1518cfc5328a5e13b8e790e6e0bbfb5ee32
Assets/Modules/Custom Leaderheads/JoanofArc/JoanofArc_CIV4LeaderHeadInfos.xml,xml,Modular rule/asset definitions,592,23285,ad851a51616f713f997d1ab81ca2ce5a2c43f1b1f3329c5cd35acf4bd0504856
Assets/Modules/Custom Leaderheads/Kangxi/Kangxi_CIV4ArtDefinesSchema.xml,xml,Modular rule/asset definitions,427,19020,ed610eda5cb549511ffcca989c7cb07b6a2672b5ec78b9fc1378389498326d6b
Assets/Modules/Custom Leaderheads/Kangxi/Kangxi_CIV4ArtDefines_Leaderhead.xml,xml,Modular rule/asset definitions,16,701,7dfd2deee5df7f66944f071f829f5d268fd079d4e8bef20ac4823119d86f9da4
Assets/Modules/Custom Leaderheads/Kangxi/Kangxi_CIV4CivilizationInfos.xml,xml,Modular rule/asset definitions,17,499,328ef0de1a5ce8ab6664a9c5219e6544117ed75181ccf1ab100539290476ed5e
Assets/Modules/Custom Leaderheads/Kangxi/Kangxi_CIV4CivilizationsSchema.xml,xml,Modular rule/asset definitions,570,31009,7b83ac9134397e57900347408a11c5dff0db5a6036f07f69c7bba86aab7dd543
Assets/Modules/Custom Leaderheads/Kangxi/Kangxi_CIV4DiplomacyInfos.xml,xml,Modular rule/asset definitions,27,715,7bff7e10d4ce20fd711514dc5fc12b24745783b8632f1a077397cbcd39d8aeaf
Assets/Modules/Custom Leaderheads/Kangxi/Kangxi_CIV4GameInfoSchema.xml,xml,Modular rule/asset definitions,1573,82111,70aad1b2ae2cb1057a32c807a71a0b14cd545e92b304f5bcbf64fb8dc3e7ed17
Assets/Modules/Custom Leaderheads/Kangxi/Kangxi_CIV4GameText.xml,xml,Modular rule/asset definitions,30,18236,39397e21951a7123c68feaa8d571a417f6ec4666e2e6ca2043b630d13aa00a91
Assets/Modules/Custom Leaderheads/Kangxi/Kangxi_CIV4LeaderHeadInfos.xml,xml,Modular rule/asset definitions,579,22759,b418f3b69bd52448433a9ae92826b5ebc1109e7fca28e8e707aa9686888564f6
Assets/Modules/Custom Leaderheads/Kangxi/alexander_anim.h,h,Modular rule/asset definitions,23,678,6997d0b2fd67ac30d0f7ad1fb5b92995607bd554b588a3d24f20c738c450bd84
Assets/Modules/Custom Leaderheads/Lenin/Lenin_CIV4ArtDefinesSchema.xml,xml,Modular rule/asset definitions,427,19020,ed610eda5cb549511ffcca989c7cb07b6a2672b5ec78b9fc1378389498326d6b
Assets/Modules/Custom Leaderheads/Lenin/Lenin_CIV4ArtDefines_Leaderhead.xml,xml,Modular rule/asset definitions,18,834,21699b9d2b4d979493e10771f9e5e38731d5d24d049bb7499cf05e498b992f30
Assets/Modules/Custom Leaderheads/Lenin/Lenin_CIV4CivilizationInfos.xml,xml,Modular rule/asset definitions,17,498,5ad61027d625e566670f5782841fecf1c3adbff31e1fd86604e93863c3a11cc6
Assets/Modules/Custom Leaderheads/Lenin/Lenin_CIV4CivilizationsSchema.xml,xml,Modular rule/asset definitions,570,31009,7b83ac9134397e57900347408a11c5dff0db5a6036f07f69c7bba86aab7dd543
Assets/Modules/Custom Leaderheads/Lenin/Lenin_CIV4DiplomacyInfos.xml,xml,Modular rule/asset definitions,27,712,2bcaf7d80399a23f5a679494859436df4f1d508450a2850e6fb6595b5e31046a
Assets/Modules/Custom Leaderheads/Lenin/Lenin_CIV4GameInfoSchema.xml,xml,Modular rule/asset definitions,1573,82111,70aad1b2ae2cb1057a32c807a71a0b14cd545e92b304f5bcbf64fb8dc3e7ed17
Assets/Modules/Custom Leaderheads/Lenin/Lenin_CIV4GameText.xml,xml,Modular rule/asset definitions,30,25709,63675754cc6af262bb744f24815c9680e998be2e253cc67457ef987a1a846276
Assets/Modules/Custom Leaderheads/Lenin/Lenin_CIV4LeaderHeadInfos.xml,xml,Modular rule/asset definitions,584,22998,90eedc0dbca0d4182189b02340b4f03dc3ecf8d39cdb4676e17f12f18c6ddab0
Assets/Modules/Custom Leaderheads/Leonidas/Leonidas_CIV4ArtDefinesSchema.xml,xml,Modular rule/asset definitions,427,19020,ed610eda5cb549511ffcca989c7cb07b6a2672b5ec78b9fc1378389498326d6b
Assets/Modules/Custom Leaderheads/Leonidas/Leonidas_CIV4ArtDefines_Leaderhead.xml,xml,Modular rule/asset definitions,16,716,4b5b63757e53c736102a211254be3fc4666bb8926e71cd5c27669dbf454e7dfb
Assets/Modules/Custom Leaderheads/Leonidas/Leonidas_CIV4CivilizationInfos.xml,xml,Modular rule/asset definitions,17,504,db54b57fc75a6e0620d0b25ee38c64b52f88383d6b6e6cdde46a61a8bcaddeee
Assets/Modules/Custom Leaderheads/Leonidas/Leonidas_CIV4CivilizationsSchema.xml,xml,Modular rule/asset definitions,570,31009,7b83ac9134397e57900347408a11c5dff0db5a6036f07f69c7bba86aab7dd543
Assets/Modules/Custom Leaderheads/Leonidas/Leonidas_CIV4DiplomacyInfos.xml,xml,Modular rule/asset definitions,27,721,104d5d09d7dd0df447397dd15c66e9f34e26d380585dfacb4b112d51ef863160
Assets/Modules/Custom Leaderheads/Leonidas/Leonidas_CIV4GameInfoSchema.xml,xml,Modular rule/asset definitions,1573,82111,70aad1b2ae2cb1057a32c807a71a0b14cd545e92b304f5bcbf64fb8dc3e7ed17
Assets/Modules/Custom Leaderheads/Leonidas/Leonidas_CIV4GameText.xml,xml,Modular rule/asset definitions,46,19390,6873f421502ed173ebf203fdc6e36f0bf0cfcd7f3df26c93aa53d861197cd411
Assets/Modules/Custom Leaderheads/Leonidas/Leonidas_CIV4LeaderHeadInfos.xml,xml,Modular rule/asset definitions,579,22778,a2dd94d4c121395e2593074d7a03031dddfd2b51855b9c621005bb0d41644d79
Assets/Modules/Custom Leaderheads/MLF_CIV4ModularLoadingControls.xml,xml,Modular rule/asset definitions,108,2622,82ecdd195ac44cc7d9229c773e495b0a8fc54fb36a9361630ceeaa3ce075796f
Assets/Modules/Custom Leaderheads/Marcus/Marcus_CIV4ArtDefinesSchema.xml,xml,Modular rule/asset definitions,427,19020,ed610eda5cb549511ffcca989c7cb07b6a2672b5ec78b9fc1378389498326d6b
Assets/Modules/Custom Leaderheads/Marcus/Marcus_CIV4ArtDefines_Leaderhead.xml,xml,Modular rule/asset definitions,16,734,25978f6e5fbafd6b1b50c3fa34dbde4420e5fa1969863a0b9cfb52beedc7a564
Assets/Modules/Custom Leaderheads/Marcus/Marcus_CIV4CivilizationInfos.xml,xml,Modular rule/asset definitions,17,498,1627a1da7b2cc3e4fcc3b09e3d8fe4295036da96c0f7b8b115c19d982b56eacb
Assets/Modules/Custom Leaderheads/Marcus/Marcus_CIV4CivilizationsSchema.xml,xml,Modular rule/asset definitions,570,31009,7b83ac9134397e57900347408a11c5dff0db5a6036f07f69c7bba86aab7dd543
Assets/Modules/Custom Leaderheads/Marcus/Marcus_CIV4DiplomacyInfos.xml,xml,Modular rule/asset definitions,27,715,0d97d0241a53018aaaba75b580eef66dfbd24ce69705c89874c3fa529c5e6272
Assets/Modules/Custom Leaderheads/Marcus/Marcus_CIV4GameInfoSchema.xml,xml,Modular rule/asset definitions,1573,82111,70aad1b2ae2cb1057a32c807a71a0b14cd545e92b304f5bcbf64fb8dc3e7ed17
Assets/Modules/Custom Leaderheads/Marcus/Marcus_CIV4GameText.xml,xml,Modular rule/asset definitions,30,17875,f91ebda01bfe318ae56d95cb8687e3738f939d0f406af9e2f37156288c2962fb
Assets/Modules/Custom Leaderheads/Marcus/Marcus_CIV4LeaderHeadInfos.xml,xml,Modular rule/asset definitions,583,22876,33d10a5177e74ae5a50b863901bfeae3e33f5482321edad8d2e199f1fb66c368
Assets/Modules/Custom Leaderheads/Marcus/alexander_anim.h,h,Modular rule/asset definitions,23,678,6997d0b2fd67ac30d0f7ad1fb5b92995607bd554b588a3d24f20c738c450bd84
Assets/Modules/Custom Leaderheads/Masinissa/Masinissa_CIV4ArtDefinesSchema.xml,xml,Modular rule/asset definitions,427,19020,ed610eda5cb549511ffcca989c7cb07b6a2672b5ec78b9fc1378389498326d6b
Assets/Modules/Custom Leaderheads/Masinissa/Masinissa_CIV4ArtDefines_Leaderhead.xml,xml,Modular rule/asset definitions,16,739,4f85dd326b5855032fcb256bb82e6c60acf25e32a4cd3ef336187439281d2c41
Assets/Modules/Custom Leaderheads/Masinissa/Masinissa_CIV4CivilizationInfos.xml,xml,Modular rule/asset definitions,17,508,cb07e2b948f0a5d7b885f51e483e36f556180051821b4f873e1e10da0f30b8ce
Assets/Modules/Custom Leaderheads/Masinissa/Masinissa_CIV4CivilizationsSchema.xml,xml,Modular rule/asset definitions,570,31009,7b83ac9134397e57900347408a11c5dff0db5a6036f07f69c7bba86aab7dd543
Assets/Modules/Custom Leaderheads/Masinissa/Masinissa_CIV4DiplomacyInfos.xml,xml,Modular rule/asset definitions,27,724,cab19c4f337977818440415e7ea770d4ad5ab4b260813f06894eb3ed5ea900a8
Assets/Modules/Custom Leaderheads/Masinissa/Masinissa_CIV4GameInfoSchema.xml,xml,Modular rule/asset definitions,1573,82111,70aad1b2ae2cb1057a32c807a71a0b14cd545e92b304f5bcbf64fb8dc3e7ed17
Assets/Modules/Custom Leaderheads/Masinissa/Masinissa_CIV4GameText.xml,xml,Modular rule/asset definitions,30,20896,63ae91ee79cceeb30bf5939db96e85a0ddb2ec72284be66e99e732738bdb22e5
Assets/Modules/Custom Leaderheads/Masinissa/Masinissa_CIV4LeaderHeadInfos.xml,xml,Modular rule/asset definitions,610,24006,dafe0161fcc63d479617e718bb49facf6a0fbd380b52651e12edef34fe24cbec
Assets/Modules/Custom Leaderheads/Nebuchadrezzar/Nebuchadrezzar_CIV4ArtDefinesSchema.xml,xml,Modular rule/asset definitions,427,19020,ed610eda5cb549511ffcca989c7cb07b6a2672b5ec78b9fc1378389498326d6b
Assets/Modules/Custom Leaderheads/Nebuchadrezzar/Nebuchadrezzar_CIV4ArtDefines_Leaderhead.xml,xml,Modular rule/asset definitions,18,903,d0a59dd1870fb8f520ad1ec9a400b092bbc4d6751d3b9a41ea0f5d8c3177b215
Assets/Modules/Custom Leaderheads/Nebuchadrezzar/Nebuchadrezzar_CIV4CivilizationInfos.xml,xml,Modular rule/asset definitions,17,517,4f44153f9b6126188cc4492c7ed40effd4abdb7c68105f5df95fa1d26e740686
Assets/Modules/Custom Leaderheads/Nebuchadrezzar/Nebuchadrezzar_CIV4CivilizationsSchema.xml,xml,Modular rule/asset definitions,570,31009,7b83ac9134397e57900347408a11c5dff0db5a6036f07f69c7bba86aab7dd543
Assets/Modules/Custom Leaderheads/Nebuchadrezzar/Nebuchadrezzar_CIV4DiplomacyInfos.xml,xml,Modular rule/asset definitions,27,739,e2a3acdeea7d15be5ee2a7c2c8109f6a762e43eb5017f318c8baeab238b24d69
Assets/Modules/Custom Leaderheads/Nebuchadrezzar/Nebuchadrezzar_CIV4GameInfoSchema.xml,xml,Modular rule/asset definitions,1573,82111,70aad1b2ae2cb1057a32c807a71a0b14cd545e92b304f5bcbf64fb8dc3e7ed17
Assets/Modules/Custom Leaderheads/Nebuchadrezzar/Nebuchadrezzar_CIV4GameText.xml,xml,Modular rule/asset definitions,88,24333,54b3ec37b1163844eb2828fe308710d43210ec501d95b48b8dcb630620303771
Assets/Modules/Custom Leaderheads/Nebuchadrezzar/Nebuchadrezzar_CIV4LeaderHeadInfos.xml,xml,Modular rule/asset definitions,594,23454,e9f206f5c5365ba5f7e370fc87ee26c2ce92b297f6718bea1ff4953f9a76b9c9
Assets/Modules/Custom Leaderheads/Nefertiti/Nefertiti_CIV4ArtDefinesSchema.xml,xml,Modular rule/asset definitions,427,19020,ed610eda5cb549511ffcca989c7cb07b6a2672b5ec78b9fc1378389498326d6b
Assets/Modules/Custom Leaderheads/Nefertiti/Nefertiti_CIV4ArtDefines_Leaderhead.xml,xml,Modular rule/asset definitions,16,726,f61ecff39aa3db3d51c99286e485dcc23364fe2c937ab2bcccb17400684d4b99
Assets/Modules/Custom Leaderheads/Nefertiti/Nefertiti_CIV4CivilizationInfos.xml,xml,Modular rule/asset definitions,17,505,76c922c287f86b6b9e3182af146d1445bf564bb9a565d49598c11353b283f818
Assets/Modules/Custom Leaderheads/Nefertiti/Nefertiti_CIV4CivilizationsSchema.xml,xml,Modular rule/asset definitions,570,31009,7b83ac9134397e57900347408a11c5dff0db5a6036f07f69c7bba86aab7dd543
Assets/Modules/Custom Leaderheads/Nefertiti/Nefertiti_CIV4DiplomacyInfos.xml,xml,Modular rule/asset definitions,27,724,a38031cc08cfe61c96976af4d73d6c6b20e8e7beb00ca0bd935ccbba5cd39a10
Assets/Modules/Custom Leaderheads/Nefertiti/Nefertiti_CIV4GameInfoSchema.xml,xml,Modular rule/asset definitions,1573,82111,70aad1b2ae2cb1057a32c807a71a0b14cd545e92b304f5bcbf64fb8dc3e7ed17
Assets/Modules/Custom Leaderheads/Nefertiti/Nefertiti_CIV4GameText.xml,xml,Modular rule/asset definitions,29,26246,b289f8bc56af70d60c9bfe2ad38ff467a91a183cef84cf41242e9d0446f7fa58
Assets/Modules/Custom Leaderheads/Nefertiti/Nefertiti_CIV4LeaderHeadInfos.xml,xml,Modular rule/asset definitions,600,23327,5f033a02861245cf2be7424075d2064a8e508c191d1e7f2b658d8bf406c07ef2
Assets/Modules/Custom Leaderheads/Richelieu/Richelieu_CIV4ArtDefinesSchema.xml,xml,Modular rule/asset definitions,427,19020,ed610eda5cb549511ffcca989c7cb07b6a2672b5ec78b9fc1378389498326d6b
Assets/Modules/Custom Leaderheads/Richelieu/Richelieu_CIV4ArtDefines_Leaderhead.xml,xml,Modular rule/asset definitions,18,849,2159a246ce8fdae2c57ff4b71884d0efe6f22ea01171ddf3b005b53d0459e05b
Assets/Modules/Custom Leaderheads/Richelieu/Richelieu_CIV4CivilizationInfos.xml,xml,Modular rule/asset definitions,17,506,be68e436fbcbf74501f6f521631f948e7749398a44c6e8cdfa112ca43aa0af23
Assets/Modules/Custom Leaderheads/Richelieu/Richelieu_CIV4CivilizationsSchema.xml,xml,Modular rule/asset definitions,570,31009,7b83ac9134397e57900347408a11c5dff0db5a6036f07f69c7bba86aab7dd543
Assets/Modules/Custom Leaderheads/Richelieu/Richelieu_CIV4DiplomacyInfos.xml,xml,Modular rule/asset definitions,27,724,caaf4cf4d5b5ba8b20740c7212778d3d436cd93ca9c35153616ba5da6d44e72b
Assets/Modules/Custom Leaderheads/Richelieu/Richelieu_CIV4GameInfoSchema.xml,xml,Modular rule/asset definitions,1573,82111,70aad1b2ae2cb1057a32c807a71a0b14cd545e92b304f5bcbf64fb8dc3e7ed17
Assets/Modules/Custom Leaderheads/Richelieu/Richelieu_CIV4GameText.xml,xml,Modular rule/asset definitions,30,19740,0992e479977860c8d249d877cf0898575089951e47660436abb5dd965e6c171c
Assets/Modules/Custom Leaderheads/Richelieu/Richelieu_CIV4LeaderHeadInfos.xml,xml,Modular rule/asset definitions,592,23275,7c0b2e16746f4436dd8519da0b98f86dd7ea0baf660d84d1807f8c669ba304d1
Assets/Modules/Custom Leaderheads/Sejong/Sejong_CIV4ArtDefinesSchema.xml,xml,Modular rule/asset definitions,427,19020,ed610eda5cb549511ffcca989c7cb07b6a2672b5ec78b9fc1378389498326d6b
Assets/Modules/Custom Leaderheads/Sejong/Sejong_CIV4ArtDefines_Leaderhead.xml,xml,Modular rule/asset definitions,18,851,5e8c4ae07dd5483d53ecb4cbfb21f4de9c69c499b55bf3e98c6cfc0bf4e5469a
Assets/Modules/Custom Leaderheads/Sejong/Sejong_CIV4CivilizationInfos.xml,xml,Modular rule/asset definitions,17,499,9751d4a02408e4583637a984a02c771bbfb38ad54e196687ab5fc0c15b7b4a20
Assets/Modules/Custom Leaderheads/Sejong/Sejong_CIV4CivilizationsSchema.xml,xml,Modular rule/asset definitions,570,31009,7b83ac9134397e57900347408a11c5dff0db5a6036f07f69c7bba86aab7dd543
Assets/Modules/Custom Leaderheads/Sejong/Sejong_CIV4DiplomacyInfos.xml,xml,Modular rule/asset definitions,27,715,f33f593520b033d65843651646a4c6f3156a3a90db5da7c46999f8a0b1dd05df
Assets/Modules/Custom Leaderheads/Sejong/Sejong_CIV4GameInfoSchema.xml,xml,Modular rule/asset definitions,1573,82111,70aad1b2ae2cb1057a32c807a71a0b14cd545e92b304f5bcbf64fb8dc3e7ed17
Assets/Modules/Custom Leaderheads/Sejong/Sejong_CIV4GameText.xml,xml,Modular rule/asset definitions,30,14833,1f905ed1df28baaf9dca6a685e0c11c51a0dd3a1042f57e53b8c97a7381150e7
Assets/Modules/Custom Leaderheads/Sejong/Sejong_CIV4LeaderHeadInfos.xml,xml,Modular rule/asset definitions,584,22361,209ca62ecd31c9043c2dfc9a7491ecf6f57f8e9dbc47602bdc61f980f693a569
Assets/Modules/Custom Leaderheads/Wilhelmina/Wilhelmina_CIV4ArtDefinesSchema.xml,xml,Modular rule/asset definitions,427,19020,ed610eda5cb549511ffcca989c7cb07b6a2672b5ec78b9fc1378389498326d6b
Assets/Modules/Custom Leaderheads/Wilhelmina/Wilhelmina_CIV4ArtDefines_Leaderhead.xml,xml,Modular rule/asset definitions,18,867,6dabf92b3c3b5b8553ae52796c52688f6cfd54b118bf7823afac2719c2674943
Assets/Modules/Custom Leaderheads/Wilhelmina/Wilhelmina_CIV4CivilizationInfos.xml,xml,Modular rule/asset definitions,17,513,21b3d9080ae11f7a15533ef09a8afa426f2f3822fe370ed2a9581b58b84c378a
Assets/Modules/Custom Leaderheads/Wilhelmina/Wilhelmina_CIV4CivilizationsSchema.xml,xml,Modular rule/asset definitions,570,31009,7b83ac9134397e57900347408a11c5dff0db5a6036f07f69c7bba86aab7dd543
Assets/Modules/Custom Leaderheads/Wilhelmina/Wilhelmina_CIV4DiplomacyInfos.xml,xml,Modular rule/asset definitions,27,727,b03ba3e7fc5667c8bfbb207ab60abfe74ddf24e9ad89d87b777ab6fad888a70e
Assets/Modules/Custom Leaderheads/Wilhelmina/Wilhelmina_CIV4GameInfoSchema.xml,xml,Modular rule/asset definitions,1573,82111,70aad1b2ae2cb1057a32c807a71a0b14cd545e92b304f5bcbf64fb8dc3e7ed17
Assets/Modules/Custom Leaderheads/Wilhelmina/Wilhelmina_CIV4GameText.xml,xml,Modular rule/asset definitions,57,38624,8d9f384dc35e47d271712cde0122ed6bbb905a0285a7b40d6444b7d93351d7aa
Assets/Modules/Custom Leaderheads/Wilhelmina/Wilhelmina_CIV4LeaderHeadInfos.xml,xml,Modular rule/asset definitions,610,23561,f4b79cf9156957841fd82ca16c1df9db349069c304b76ad25f684a8f6588632e
Assets/Modules/Custom Units/007/007_CIV4ArtDefinesSchema.xml,xml,Modular rule/asset definitions,427,19020,ed610eda5cb549511ffcca989c7cb07b6a2672b5ec78b9fc1378389498326d6b
Assets/Modules/Custom Units/007/007_CIV4GameText.xml,xml,Modular rule/asset definitions,34,779,ad0467e1fb89518413f2660975ee022f52c287cd89d3ebbeca7ef27ce16ac452
Assets/Modules/Custom Units/007/007_CIV4UnitClassInfos.xml,xml,Modular rule/asset definitions,19,718,2b70a4a71b77a46e8b99054d7a78cf6cabfc86ed60aabb4bce109ebcee416c4f
Assets/Modules/Custom Units/007/007_CIV4UnitInfos.xml,xml,Modular rule/asset definitions,217,7261,6365c0ddce88c6a8d4a24e45142cd142a897b92e0a50afed3b7cbdd8e81b9e66
Assets/Modules/Custom Units/007/007_CIV4UnitSchema.xml,xml,Modular rule/asset definitions,1153,58121,c60494c95145b16abb9f083aa386b9cefe0f3458f61e959d9b99c4776cc80a04
Assets/Modules/Custom Units/007/007_Civ4ArtDefines_Unit.xml,xml,Modular rule/asset definitions,34,1257,5963beb5420a969c397d448749e53bf55c44a1b457e21436755960e15a7750c0
Assets/Modules/Custom Units/Agent/Agent_CIV4ArtDefinesSchema.xml,xml,Modular rule/asset definitions,427,19020,ed610eda5cb549511ffcca989c7cb07b6a2672b5ec78b9fc1378389498326d6b
Assets/Modules/Custom Units/Agent/Agent_CIV4GameText.xml,xml,Modular rule/asset definitions,34,727,309abf883357a53276839bb781026b438ed06cbbc6be230caddcef03757eb747
Assets/Modules/Custom Units/Agent/Agent_CIV4UnitClassInfos.xml,xml,Modular rule/asset definitions,19,727,22ca917d074bcd847d7931c964526dc783364c6b266fc70ea34625695be6b3e1
Assets/Modules/Custom Units/Agent/Agent_CIV4UnitInfos.xml,xml,Modular rule/asset definitions,201,6624,bc3864a0792b14c2586291f0367d3c4bfb620bfa56ce1a9c80e81663c52758cb
Assets/Modules/Custom Units/Agent/Agent_CIV4UnitSchema.xml,xml,Modular rule/asset definitions,1153,58121,c60494c95145b16abb9f083aa386b9cefe0f3458f61e959d9b99c4776cc80a04
Assets/Modules/Custom Units/Agent/Agent_Civ4ArtDefines_Unit.xml,xml,Modular rule/asset definitions,34,1279,c75896c15010b829eb6faae8b8b288e11ad81fcd4e9a678b028b742e4d191b52
Assets/Modules/Custom Units/CIV4ModularLoadingControlsSchema.xml,xml,Modular rule/asset definitions,30,1305,cda76dade0a6c37a9449f0f288d92057a5c97daff222366bb72ec7cb43c60470
Assets/Modules/Custom Units/MLF_CIV4ModularLoadingControls.xml,xml,Modular rule/asset definitions,63,1672,de11ce2fbef09b79b076d50bc2645bd68324883b1ede8da5abaaf4768d12e6fe
Assets/Modules/Custom Units/Special Agent/Special_Agent_CIV4ArtDefinesSchema.xml,xml,Modular rule/asset definitions,427,19020,ed610eda5cb549511ffcca989c7cb07b6a2672b5ec78b9fc1378389498326d6b
Assets/Modules/Custom Units/Special Agent/Special_Agent_CIV4GameText.xml,xml,Modular rule/asset definitions,34,775,2a4fb1c0b804c87366400b9c4bb6c2276601ed862e2a6f01b928615ce559760b
Assets/Modules/Custom Units/Special Agent/Special_Agent_CIV4UnitClassInfos.xml,xml,Modular rule/asset definitions,19,758,69a4fa7c219d1fc9ccbec3b52ac13ebf533c60f8dc2d9e9d97dedab8c55e850b
Assets/Modules/Custom Units/Special Agent/Special_Agent_CIV4UnitInfos.xml,xml,Modular rule/asset definitions,209,6999,bf52686ba0301997bc781b5666e2efb0023452241f63e29945ee325f5a363c07
Assets/Modules/Custom Units/Special Agent/Special_Agent_CIV4UnitSchema.xml,xml,Modular rule/asset definitions,1153,58121,c60494c95145b16abb9f083aa386b9cefe0f3458f61e959d9b99c4776cc80a04
Assets/Modules/Custom Units/Special Agent/Special_Agent_Civ4ArtDefines_Unit.xml,xml,Modular rule/asset definitions,34,1364,37fece2edeaa345df0e52ce5a7f09a7768c58dcac908df15f56b395ab69639dd
Assets/Modules/Custom Units/UN APC/UN_APC_CIV4ArtDefinesSchema.xml,xml,Modular rule/asset definitions,427,19020,ed610eda5cb549511ffcca989c7cb07b6a2672b5ec78b9fc1378389498326d6b
Assets/Modules/Custom Units/UN APC/UN_APC_CIV4GameText.xml,xml,Modular rule/asset definitions,81,6992,0aed64dcb2bf8fbd377f13e2c5a5219149c1168d451443ed9f743ca7ec4e55d3
Assets/Modules/Custom Units/UN APC/UN_APC_CIV4UnitClassInfos.xml,xml,Modular rule/asset definitions,19,731,117b2ffa9d390563f3e5ac5f6b86b3503fb61fe87cc07770d0b24fce6f0394e8
Assets/Modules/Custom Units/UN APC/UN_APC_CIV4UnitInfos.xml,xml,Modular rule/asset definitions,203,6805,5f348f2e15b273e2f65ea03b64f885007704a59fbfcb733e58f900e13538bb1e
Assets/Modules/Custom Units/UN APC/UN_APC_CIV4UnitSchema.xml,xml,Modular rule/asset definitions,1153,58121,c60494c95145b16abb9f083aa386b9cefe0f3458f61e959d9b99c4776cc80a04
Assets/Modules/Custom Units/UN APC/UN_APC_Civ4ArtDefines_Unit.xml,xml,Modular rule/asset definitions,43,1654,160f76c0e1702557b21d1ba527342f0fec87b5cc6fa48f9988c0f4be35246258
Assets/Modules/Custom Units/UN Diplomat/UN_Diplomat_CIV4ArtDefinesSchema.xml,xml,Modular rule/asset definitions,427,19020,ed610eda5cb549511ffcca989c7cb07b6a2672b5ec78b9fc1378389498326d6b
Assets/Modules/Custom Units/UN Diplomat/UN_Diplomat_CIV4GameText.xml,xml,Modular rule/asset definitions,57,3607,86793ab931186f552796dc53f408ab40347c0255ee8718edc4adb81c6d8b43f4
Assets/Modules/Custom Units/UN Diplomat/UN_Diplomat_CIV4UnitClassInfos.xml,xml,Modular rule/asset definitions,19,751,9c16d5ad9949c9fa95af6c5a05b7039a3898d6198c25b8663aa7b087241e451c
Assets/Modules/Custom Units/UN Diplomat/UN_Diplomat_CIV4UnitInfos.xml,xml,Modular rule/asset definitions,175,5958,e6a8b6ff58ea6628a2e7254d5643b1ab719171f33fc133e397ca9f51fceaa990
Assets/Modules/Custom Units/UN Diplomat/UN_Diplomat_CIV4UnitSchema.xml,xml,Modular rule/asset definitions,1153,58121,c60494c95145b16abb9f083aa386b9cefe0f3458f61e959d9b99c4776cc80a04
Assets/Modules/Custom Units/UN Diplomat/UN_Diplomat_Civ4ArtDefines_Unit.xml,xml,Modular rule/asset definitions,34,1313,15a7d4296fce179eb697f2369437f9d262caef451023a253fa064fe990592efd
Assets/Modules/Custom Units/UN Motorized Infantry/UN_MI_CIV4ArtDefinesSchema.xml,xml,Modular rule/asset definitions,427,19020,ed610eda5cb549511ffcca989c7cb07b6a2672b5ec78b9fc1378389498326d6b
Assets/Modules/Custom Units/UN Motorized Infantry/UN_MI_CIV4GameText.xml,xml,Modular rule/asset definitions,72,7280,a206c2e9bf85b9221aa75fcf947737310857e9b005c8122aea9312411044faaa
Assets/Modules/Custom Units/UN Motorized Infantry/UN_MI_CIV4UnitClassInfos.xml,xml,Modular rule/asset definitions,19,727,c00323f9cafea2ccd3c85d5052aed756a218adb3dd4cd4b9890ff38110347c41
Assets/Modules/Custom Units/UN Motorized Infantry/UN_MI_CIV4UnitInfos.xml,xml,Modular rule/asset definitions,203,6767,2340575f01541ffcb31d70baa72807f6bc3b2403f2afc601cb967e76ded51483
Assets/Modules/Custom Units/UN Motorized Infantry/UN_MI_CIV4UnitSchema.xml,xml,Modular rule/asset definitions,1153,58121,c60494c95145b16abb9f083aa386b9cefe0f3458f61e959d9b99c4776cc80a04
Assets/Modules/Custom Units/UN Motorized Infantry/UN_MI_Civ4ArtDefines_Unit.xml,xml,Modular rule/asset definitions,43,1710,75feb84f8d7e3c7afcb01bbdcd88f310ae589b5e30a96c3ea21611c9f436849e
Assets/Modules/Custom Units/UN Peacekeeper IFV/UN_IFV_CIV4ArtDefinesSchema.xml,xml,Modular rule/asset definitions,427,19020,ed610eda5cb549511ffcca989c7cb07b6a2672b5ec78b9fc1378389498326d6b
Assets/Modules/Custom Units/UN Peacekeeper IFV/UN_IFV_CIV4GameText.xml,xml,Modular rule/asset definitions,72,6841,d462ffb9e1257d175a6bdb0a7230556de9654763c94f7c01fc791f5401eb03ee
Assets/Modules/Custom Units/UN Peacekeeper IFV/UN_IFV_CIV4UnitClassInfos.xml,xml,Modular rule/asset definitions,19,731,f5144d91fad2ffd10f490e88b05d7824e19004c0abd47ddbe11acc722c818a5e
Assets/Modules/Custom Units/UN Peacekeeper IFV/UN_IFV_CIV4UnitInfos.xml,xml,Modular rule/asset definitions,198,6599,d494b3c552d16062a856e368da9c339c809c072d10f0269fa2146cbb8f612297
Assets/Modules/Custom Units/UN Peacekeeper IFV/UN_IFV_CIV4UnitSchema.xml,xml,Modular rule/asset definitions,1153,58121,c60494c95145b16abb9f083aa386b9cefe0f3458f61e959d9b99c4776cc80a04
Assets/Modules/Custom Units/UN Peacekeeper IFV/UN_IFV_Civ4ArtDefines_Unit.xml,xml,Modular rule/asset definitions,43,1711,52da863f46214ba7dfba6ba3e63f3f5d8a103503a5dff221ba1d0b26a727692c
Assets/Modules/Custom Units/UN Transport Airplane/UN_C130_CIV4ArtDefinesSchema.xml,xml,Modular rule/asset definitions,427,19020,ed610eda5cb549511ffcca989c7cb07b6a2672b5ec78b9fc1378389498326d6b
Assets/Modules/Custom Units/UN Transport Airplane/UN_C130_CIV4GameText.xml,xml,Modular rule/asset definitions,62,7679,5ee464bcaf372892fc81a57594641e210a2326fbfa55ef8689e6db71af178244
Assets/Modules/Custom Units/UN Transport Airplane/UN_C130_CIV4UnitClassInfos.xml,xml,Modular rule/asset definitions,19,735,243372dd30c7c28b8140f141d5b0f3d964600aaa2ad157b08a18983805e89de1
Assets/Modules/Custom Units/UN Transport Airplane/UN_C130_CIV4UnitInfos.xml,xml,Modular rule/asset definitions,206,6864,2673c6774ea99e2421939033be5d2623cc0066c7529d40b1faabc6639395f548
Assets/Modules/Custom Units/UN Transport Airplane/UN_C130_CIV4UnitSchema.xml,xml,Modular rule/asset definitions,1153,58121,c60494c95145b16abb9f083aa386b9cefe0f3458f61e959d9b99c4776cc80a04
Assets/Modules/Custom Units/UN Transport Airplane/UN_C130_Civ4ArtDefines_Unit.xml,xml,Modular rule/asset definitions,40,1613,c917ab19be38348c50c9f70e51e519474bce8b459dc257dcf133d6488145e7cb
Assets/Modules/Custom Units/UN Transport Helicopter/UN_26_CIV4ArtDefinesSchema.xml,xml,Modular rule/asset definitions,427,19020,ed610eda5cb549511ffcca989c7cb07b6a2672b5ec78b9fc1378389498326d6b
Assets/Modules/Custom Units/UN Transport Helicopter/UN_26_CIV4GameText.xml,xml,Modular rule/asset definitions,76,6957,8fc234a73f08b144aa4d15bfcbfd8293f4f713c44af979ccb0adf5d525e955b0
Assets/Modules/Custom Units/UN Transport Helicopter/UN_26_CIV4UnitClassInfos.xml,xml,Modular rule/asset definitions,19,727,003a13b6ddd54e5224cb60d7d6f51adc3defb2b98ea4a6404247169042a49e9d
Assets/Modules/Custom Units/UN Transport Helicopter/UN_26_CIV4UnitInfos.xml,xml,Modular rule/asset definitions,199,6717,dc1205a3268e756a7ecf464acff9f0bc1a0f2d5727280ac984bd8c8a5302d199
Assets/Modules/Custom Units/UN Transport Helicopter/UN_26_CIV4UnitSchema.xml,xml,Modular rule/asset definitions,1153,58121,c60494c95145b16abb9f083aa386b9cefe0f3458f61e959d9b99c4776cc80a04
Assets/Modules/Custom Units/UN Transport Helicopter/UN_26_Civ4ArtDefines_Unit.xml,xml,Modular rule/asset definitions,37,1536,933d090a3e81d71473a82f557c466877435bd4a615f780242cdaa1a02bbda3fb
Assets/Modules/Custom Units/UNPeaceKeeper/Peace_CIV4ArtDefinesSchema.xml,xml,Modular rule/asset definitions,427,19020,ed610eda5cb549511ffcca989c7cb07b6a2672b5ec78b9fc1378389498326d6b
Assets/Modules/Custom Units/UNPeaceKeeper/Peace_CIV4GameText.xml,xml,Modular rule/asset definitions,72,6927,3a4168967c67e57bafe275c302a10ada05c78255f0f33b9635d1f97aff6b118d
Assets/Modules/Custom Units/UNPeaceKeeper/Peace_CIV4UnitClassInfos.xml,xml,Modular rule/asset definitions,19,748,a8ed6f0d6e5d2d1a9667d7262e657b9f8474a4c73023acebbd1f82734fa12e42
Assets/Modules/Custom Units/UNPeaceKeeper/Peace_CIV4UnitInfos.xml,xml,Modular rule/asset definitions,194,6563,337dc2881416f692562e173f3d06ce4956fa5938bbe0a6ab2dbfb1d1e310c905
Assets/Modules/Custom Units/UNPeaceKeeper/Peace_CIV4UnitSchema.xml,xml,Modular rule/asset definitions,1153,58121,c60494c95145b16abb9f083aa386b9cefe0f3458f61e959d9b99c4776cc80a04
Assets/Modules/Custom Units/UNPeaceKeeper/Peace_Civ4ArtDefines_Unit.xml,xml,Modular rule/asset definitions,34,1297,d90c271de40933125c8c2d00ae0949d49d34d670df4d91e239d8c71cebef4b3a
Assets/Modules/Custom Units/Warlord/DIVWarlord_CIV4ArtDefines_Unit.xml,xml,Modular rule/asset definitions,397,16117,10cd222ab87d6cb6c272b2e974188ef82095e03d0419453b31925e07fd732ce3
Assets/Modules/Custom Units/Warlord/DIVWarlord_CIV4UnitArtStyleTypeInfos.xml,xml,Modular rule/asset definitions,457,18261,3f9ed9636d3b0eeef9d11e9f41925e45594e816aba00f4d287475a420775c245
Assets/Modules/Custom Units/Warlord/Warlord_CIV4ArtDefinesSchema.xml,xml,Modular rule/asset definitions,427,19020,ed610eda5cb549511ffcca989c7cb07b6a2672b5ec78b9fc1378389498326d6b
Assets/Modules/Custom Units/Warlord/Warlord_CIV4ArtDefines_Unit.xml,xml,Modular rule/asset definitions,349,14068,50c417b284e31ac407004b3ec792b106f01ac326b385e02ceb1ba7e021f74bdb
Assets/Modules/Custom Units/Warlord/Warlord_CIV4CivilizationsSchema.xml,xml,Modular rule/asset definitions,556,30162,14dfe5e0ae15b18e7f1b5a699d541d821d847708aa40a031df15b020b339b590
Assets/Modules/Custom Units/Warlord/Warlord_CIV4GameText.xml,xml,Modular rule/asset definitions,250,5487,054553ca261c2ac9037d8d76d56999410cc3d8be130b0a989dd5064a41afdad8
Assets/Modules/Custom Units/Warlord/Warlord_CIV4UnitClassInfos.xml,xml,Modular rule/asset definitions,100,4144,0860a42c755f860b0c2f54ff57110ab734840014b55508e7ccdf6c8301e6bc50
Assets/Modules/Custom Units/Warlord/Warlord_CIV4UnitInfos.xml,xml,Modular rule/asset definitions,2022,69100,b131f5c1fc67cbb99d2cf6a2f8e7e25c7e2c75b3dac58afe242452e9fbd192b9
Assets/Modules/Custom Units/Warlord/Warlord_CIV4UnitSchema.xml,xml,Modular rule/asset definitions,1153,58121,c60494c95145b16abb9f083aa386b9cefe0f3458f61e959d9b99c4776cc80a04
Assets/Modules/Holy Wars/CIV4ModularLoadingControlsSchema.xml,xml,Modular rule/asset definitions,30,1305,cda76dade0a6c37a9449f0f288d92057a5c97daff222366bb72ec7cb43c60470
Assets/Modules/Holy Wars/Christianity/Knight Hospitaller/Hospitaller_CIV4ArtDefinesSchema.xml,xml,Modular rule/asset definitions,427,19020,ed610eda5cb549511ffcca989c7cb07b6a2672b5ec78b9fc1378389498326d6b
Assets/Modules/Holy Wars/Christianity/Knight Hospitaller/Hospitaller_CIV4GameText.xml,xml,Modular rule/asset definitions,118,7968,15cf3fc32f9b07fae3981f9d13bb485c216c7d74d568f4aa7441f419923070c5
Assets/Modules/Holy Wars/Christianity/Knight Hospitaller/Hospitaller_CIV4UnitClassInfos.xml,xml,Modular rule/asset definitions,37,1587,fd62ae47d3ba3042f2f818472e8727cbb25b3829b13209111859e7019a8f7423
Assets/Modules/Holy Wars/Christianity/Knight Hospitaller/Hospitaller_CIV4UnitInfos.xml,xml,Modular rule/asset definitions,627,21423,b5cc12caf970813f03cd0428129465e5e86b1bbde2622315637ae85ba1f824eb
Assets/Modules/Holy Wars/Christianity/Knight Hospitaller/Hospitaller_CIV4UnitSchema.xml,xml,Modular rule/asset definitions,1121,56555,5a61ed57d345d5e589113ed061abbc77107a5c3b3bc769cb3bf287f4dfedd93c
Assets/Modules/Holy Wars/Christianity/Knight Hospitaller/Hospitaller_Civ4ArtDefines_Unit.xml,xml,Modular rule/asset definitions,82,3520,e89d518399c2194c3c887c8736df74549c04c45c253ebb0d1e9aff3952a08c12
Assets/Modules/Holy Wars/Christianity/Knight Templar/Templar_CIV4ArtDefinesSchema.xml,xml,Modular rule/asset definitions,427,19020,ed610eda5cb549511ffcca989c7cb07b6a2672b5ec78b9fc1378389498326d6b
Assets/Modules/Holy Wars/Christianity/Knight Templar/Templar_CIV4GameText.xml,xml,Modular rule/asset definitions,126,9578,cbaa226cbadf7d4278eaa4c9d5a8a0b89ce0cef6d3c2f1dcc23096e7130f5cdd
Assets/Modules/Holy Wars/Christianity/Knight Templar/Templar_CIV4UnitClassInfos.xml,xml,Modular rule/asset definitions,37,1547,8b1747edf8c3ddb202ed05b66c123eb1357d283c50d47d0ba75e8c73e413db45
Assets/Modules/Holy Wars/Christianity/Knight Templar/Templar_CIV4UnitInfos.xml,xml,Modular rule/asset definitions,628,21327,79c7a1293cb49758adc9e862d2abb21af426895ab4f7f9f945cba3e2c6964fc1
Assets/Modules/Holy Wars/Christianity/Knight Templar/Templar_CIV4UnitSchema.xml,xml,Modular rule/asset definitions,1121,56555,5a61ed57d345d5e589113ed061abbc77107a5c3b3bc769cb3bf287f4dfedd93c
Assets/Modules/Holy Wars/Christianity/Knight Templar/Templar_Civ4ArtDefines_Unit.xml,xml,Modular rule/asset definitions,82,3443,1cad38a2f265e44aefc953da2ab825585b59395114718cb6d1fb5a136b59ca49
Assets/Modules/Holy Wars/Christianity/Order of St. John/Hospitaller_CIV4ArtDefinesSchema.xml,xml,Modular rule/asset definitions,427,19020,ed610eda5cb549511ffcca989c7cb07b6a2672b5ec78b9fc1378389498326d6b
Assets/Modules/Holy Wars/Christianity/Order of St. John/Hospitaller_CIV4ArtDefines_Building.xml,xml,Modular rule/asset definitions,30,1229,98b521635bb7e3cb822ecf9de19d7afa2a60d62e9104ea5622ad883dbfafa4b2
Assets/Modules/Holy Wars/Christianity/Order of St. John/Hospitaller_CIV4BuildingClassInfos.xml,xml,Modular rule/asset definitions,34,1403,56f022cfa746e504391262fe106a489a7b1496a960d27bf6f11b09834b944ee4
Assets/Modules/Holy Wars/Christianity/Order of St. John/Hospitaller_CIV4BuildingInfos.xml,xml,Modular rule/asset definitions,396,15305,f5e027ddef8c689e9f2a63c164567378c84c221d17653bd869b4c79c6352f4e5
Assets/Modules/Holy Wars/Christianity/Order of St. John/Hospitaller_CIV4BuildingsSchema.xml,xml,Modular rule/asset definitions,590,28894,504285143925944917bad93fae9414c9d93ecf9b6c29db9c4f811f7c91214b24
Assets/Modules/Holy Wars/Christianity/Order of St. John/Hospitaller_CIV4GameText.xml,xml,Modular rule/asset definitions,98,23329,9a7e1a14af2a930385b4e6ce3188313eeffc2028d8807b571621fcdc6694b3c9
Assets/Modules/Holy Wars/Christianity/Templar Chapter/Templar_CIV4ArtDefinesSchema.xml,xml,Modular rule/asset definitions,427,19020,ed610eda5cb549511ffcca989c7cb07b6a2672b5ec78b9fc1378389498326d6b
Assets/Modules/Holy Wars/Christianity/Templar Chapter/Templar_CIV4ArtDefines_Building.xml,xml,Modular rule/asset definitions,30,1216,6ce9c74f2b3167ebd36549e281ca61724aef7f3b68a5ed03ad64402696973b43
Assets/Modules/Holy Wars/Christianity/Templar Chapter/Templar_CIV4BuildingClassInfos.xml,xml,Modular rule/asset definitions,34,1372,bbc4734403c35650da79d6bc4a4f3988cca638c5f1f1e4419cd7c3106c262dbd
Assets/Modules/Holy Wars/Christianity/Templar Chapter/Templar_CIV4BuildingInfos.xml,xml,Modular rule/asset definitions,403,15498,1ec1550a845a268cac5dad6aec22e56961651ea66e5d2d66f4c0f91641148606
Assets/Modules/Holy Wars/Christianity/Templar Chapter/Templar_CIV4BuildingsSchema.xml,xml,Modular rule/asset definitions,590,28894,504285143925944917bad93fae9414c9d93ecf9b6c29db9c4f811f7c91214b24
Assets/Modules/Holy Wars/Christianity/Templar Chapter/Templar_CIV4GameText.xml,xml,Modular rule/asset definitions,99,10392,5ec3d203c2fc5245e94e2cc0f10e1594920272e4d3ec99b8fe7306d5ecdaf654
Assets/Modules/Holy Wars/Christianity/Teutonic Chapter/Teutonic_CIV4ArtDefinesSchema.xml,xml,Modular rule/asset definitions,427,19020,ed610eda5cb549511ffcca989c7cb07b6a2672b5ec78b9fc1378389498326d6b
Assets/Modules/Holy Wars/Christianity/Teutonic Chapter/Teutonic_CIV4ArtDefines_Building.xml,xml,Modular rule/asset definitions,30,1225,dc03886ee544eaa0c3b5741c0decad525bcb488f41dcd0f039ca8c586fc9ec27
Assets/Modules/Holy Wars/Christianity/Teutonic Chapter/Teutonic_CIV4BuildingClassInfos.xml,xml,Modular rule/asset definitions,34,1357,4e5a801293156389675a08df95f22f55a0bdcc53ed65cc486862ff05853f990c
Assets/Modules/Holy Wars/Christianity/Teutonic Chapter/Teutonic_CIV4BuildingInfos.xml,xml,Modular rule/asset definitions,407,15627,091152a62a069c591c14c83c3c2a9abe3e81aaac88dc0c972e7dcde8363eacdb
Assets/Modules/Holy Wars/Christianity/Teutonic Chapter/Teutonic_CIV4BuildingsSchema.xml,xml,Modular rule/asset definitions,590,28894,504285143925944917bad93fae9414c9d93ecf9b6c29db9c4f811f7c91214b24
Assets/Modules/Holy Wars/Christianity/Teutonic Chapter/Teutonic_CIV4GameText.xml,xml,Modular rule/asset definitions,98,8100,9167e8741d57bd262c1c604da1ac4b1b3a9fed9dd80d7917c5c0cc8956450c86
Assets/Modules/Holy Wars/Christianity/Teutonic Knight/Teutonic_CIV4ArtDefinesSchema.xml,xml,Modular rule/asset definitions,427,19020,ed610eda5cb549511ffcca989c7cb07b6a2672b5ec78b9fc1378389498326d6b
Assets/Modules/Holy Wars/Christianity/Teutonic Knight/Teutonic_CIV4GameText.xml,xml,Modular rule/asset definitions,131,11344,517049d70843b12947804fbb3364fb3634787a4f2a1091a275f65420b2260040
Assets/Modules/Holy Wars/Christianity/Teutonic Knight/Teutonic_CIV4UnitClassInfos.xml,xml,Modular rule/asset definitions,37,1557,3f5d005eb94a22d9cf274cb611cedd868a7c34a9f13cd9daf497a837cd15bc9c
Assets/Modules/Holy Wars/Christianity/Teutonic Knight/Teutonic_CIV4UnitInfos.xml,xml,Modular rule/asset definitions,628,21386,57ef0e243102e09238a8fb6cc66186d5e83fddb5ce63d64fb91ab17cf434aaac
Assets/Modules/Holy Wars/Christianity/Teutonic Knight/Teutonic_CIV4UnitSchema.xml,xml,Modular rule/asset definitions,1121,56555,5a61ed57d345d5e589113ed061abbc77107a5c3b3bc769cb3bf287f4dfedd93c
Assets/Modules/Holy Wars/Christianity/Teutonic Knight/Teutonic_Civ4ArtDefines_Unit.xml,xml,Modular rule/asset definitions,82,3471,2a94e1cc2486abbf25e89ee79f5b4c974b0312d42069d7fb1cc9fbf4e0e6b6bc
Assets/Modules/Holy Wars/MLF_CIV4ModularLoadingControls.xml,xml,Modular rule/asset definitions,64,1683,0015643def2a30d88fef9a3d03e49c92035559465ad7284af36dc99f4a2533c7
Assets/Modules/MLF_CIV4ModularLoadingControls.xml,xml,Modular rule/asset definitions,332,8017,4a2362001172a2958f057250263934f2b8cd2ac22d4ecc7e6c6d7a607bd63132
Assets/Modules/Projects/CIV4ModularLoadingControlsSchema.xml,xml,Modular rule/asset definitions,30,1305,cda76dade0a6c37a9449f0f288d92057a5c97daff222366bb72ec7cb43c60470
Assets/Modules/Projects/MLF_CIV4ModularLoadingControls.xml,xml,Modular rule/asset definitions,20,673,8aa0b61c07d85bfc04cd0aadf2281aed0091c2d9fc35ee25d5028b68b5ad315c
Assets/Modules/Projects/Vincentz/CIV4ModularLoadingControlsSchema.xml,xml,Modular rule/asset definitions,30,1305,cda76dade0a6c37a9449f0f288d92057a5c97daff222366bb72ec7cb43c60470
Assets/Modules/Projects/Vincentz/Corporations/Corporations_CIV4ArtDefinesSchema.xml,xml,Modular rule/asset definitions,427,19020,ed610eda5cb549511ffcca989c7cb07b6a2672b5ec78b9fc1378389498326d6b
Assets/Modules/Projects/Vincentz/Corporations/Corporations_CIV4ArtDefines_Building.xml,xml,Modular rule/asset definitions,70,2729,a1b5e7f052575cf5f0d75f12dad3aa719ff87f98ec39c91543a185e0fa6452a8
Assets/Modules/Projects/Vincentz/Corporations/Corporations_CIV4ArtDefines_Unit.xml,xml,Modular rule/asset definitions,154,5950,ba428ebab1d2d1e0b188ca6bcce5031019c57c2bf7806fad69d1dfb83e97d866
Assets/Modules/Projects/Vincentz/Corporations/Corporations_CIV4BonusInfos.xml,xml,Modular rule/asset definitions,196,6285,4d9792a6f495465a29336d767e2a6caca8f1c37ba28f6c9ce2618213d7b2b108
Assets/Modules/Projects/Vincentz/Corporations/Corporations_CIV4BuildingClassInfos.xml,xml,Modular rule/asset definitions,82,3282,67b06c6ef6365c8192f4f332565a292a1e9b900db4440a5ae47a9e79bd53fb82
Assets/Modules/Projects/Vincentz/Corporations/Corporations_CIV4BuildingInfos.xml,xml,Modular rule/asset definitions,1084,41861,12a06c76ff1f246c28ec2fef30bfa9302f4b7490eeb6f895f692217bafa1a156
Assets/Modules/Projects/Vincentz/Corporations/Corporations_CIV4BuildingsSchema.xml,xml,Modular rule/asset definitions,630,33168,966276328362e867c6a5c77762d2f21a894424025cee4bca2b56f48575538abb
Assets/Modules/Projects/Vincentz/Corporations/Corporations_CIV4CorporationInfo.xml,xml,Modular rule/asset definitions,231,8448,5ae8543187b9c1c7b0f37b09321ad211058804aba07cafe479790332a3248732
Assets/Modules/Projects/Vincentz/Corporations/Corporations_CIV4GameInfoSchema.xml,xml,Modular rule/asset definitions,1573,82086,54c53649ce3555ba90e5bee26e443e3a5244f8cabf7cc98d585f9a3e62c3bfd7
Assets/Modules/Projects/Vincentz/Corporations/Corporations_CIV4TerrainSchema.xml,xml,Modular rule/asset definitions,556,28169,db5aaeddd9d8310b2e044152aa70495bd2acb85edeb71eebddd37eed1b6688b3
Assets/Modules/Projects/Vincentz/Corporations/Corporations_CIV4UnitClassInfos.xml,xml,Modular rule/asset definitions,100,4137,5305cf7348c5fe13a72a3b4d485bee389267817060b98235f15f9175dae89a84
Assets/Modules/Projects/Vincentz/Corporations/Corporations_CIV4UnitInfos.xml,xml,Modular rule/asset definitions,1066,36133,4fb0fd6317dfe75600ed92326204c3fd01154124e4b654ade7fe1f33ab921998
Assets/Modules/Projects/Vincentz/Corporations/Corporations_CIV4UnitSchema.xml,xml,Modular rule/asset definitions,1153,58121,c60494c95145b16abb9f083aa386b9cefe0f3458f61e959d9b99c4776cc80a04
Assets/Modules/Projects/Vincentz/Guilds/Guildhalls_CIV4BuildingClassInfos.xml,xml,Modular rule/asset definitions,178,7292,c14634793de237a4d21a19cc890f3e31993d905c44d04ce2454a310a93544051
Assets/Modules/Projects/Vincentz/Guilds/Guildhalls_CIV4BuildingInfos.xml,xml,Modular rule/asset definitions,1630,62658,9a95c3a1d8b893af5e3f180b478ffca64607f30f5a3f6fd9c96f18fdca6d9932
Assets/Modules/Projects/Vincentz/Guilds/Guilds_CIV4ArtDefinesSchema.xml,xml,Modular rule/asset definitions,427,19020,ed610eda5cb549511ffcca989c7cb07b6a2672b5ec78b9fc1378389498326d6b
Assets/Modules/Projects/Vincentz/Guilds/Guilds_CIV4ArtDefines_Bonus.xml,xml,Modular rule/asset definitions,19,754,690add7741f068c9a81021aafc9f5956aa9f277d179d90715f1ee88eeb8a9e9a
Assets/Modules/Projects/Vincentz/Guilds/Guilds_CIV4ArtDefines_Building.xml,xml,Modular rule/asset definitions,211,7967,534211ffdfce021c861b2a3386e037ab2d187b73d3260f5d23ac6b625e7c43b8
Assets/Modules/Projects/Vincentz/Guilds/Guilds_CIV4ArtDefines_Movie.xml,xml,Modular rule/asset definitions,66,2519,b5991c111687108ac10edd5cf1a2189174bc23044ca4b7cdaf2f64c642406b11
Assets/Modules/Projects/Vincentz/Guilds/Guilds_CIV4ArtDefines_Unit.xml,xml,Modular rule/asset definitions,82,3340,43c12beb7c11a3ba57eec47c2b38a8cb273a0c73d1726f830b0dba212e1ce37b
Assets/Modules/Projects/Vincentz/Guilds/Guilds_CIV4BonusInfos.xml,xml,Modular rule/asset definitions,54,1717,c467d22fa4de280ef1beb149d66d3b30feaa2fa6a33bef99d08c53f75db0cebe
Assets/Modules/Projects/Vincentz/Guilds/Guilds_CIV4BuildingClassInfos.xml,xml,Modular rule/asset definitions,214,8797,e1f52e0dc855196452b21b0ad10ef3ce6ed01c30ec2a2edfb89798862d952fd5
Assets/Modules/Projects/Vincentz/Guilds/Guilds_CIV4BuildingInfos.xml,xml,Modular rule/asset definitions,3347,127702,9263e81209f401cb98730a3115d291f5c29a755a70860ee2dd9d5d560b5ec110
Assets/Modules/Projects/Vincentz/Guilds/Guilds_CIV4BuildingsSchema.xml,xml,Modular rule/asset definitions,630,33168,966276328362e867c6a5c77762d2f21a894424025cee4bca2b56f48575538abb
Assets/Modules/Projects/Vincentz/Guilds/Guilds_CIV4CivicInfos.xml,xml,Modular rule/asset definitions,111,4817,ec444335fa52ecdc8feecbbbf5b86e49b6ba79e502d30678ea03552b50d5b4f7
Assets/Modules/Projects/Vincentz/Guilds/Guilds_CIV4CorporationInfo.xml,xml,Modular rule/asset definitions,528,19695,d87c8a5629dd92f53f875f42cb382eac332ca0345d831c92a5b1193a4724e5d0
Assets/Modules/Projects/Vincentz/Guilds/Guilds_CIV4GameInfoSchema.xml,xml,Modular rule/asset definitions,1573,82086,54c53649ce3555ba90e5bee26e443e3a5244f8cabf7cc98d585f9a3e62c3bfd7
Assets/Modules/Projects/Vincentz/Guilds/Guilds_CIV4TerrainSchema.xml,xml,Modular rule/asset definitions,556,28169,db5aaeddd9d8310b2e044152aa70495bd2acb85edeb71eebddd37eed1b6688b3
Assets/Modules/Projects/Vincentz/Guilds/Guilds_CIV4UnitClassInfos.xml,xml,Modular rule/asset definitions,136,5727,c4494601dab8e0de7816c714cccb4ab959e20b6fc223bfc74ed2936832061985
Assets/Modules/Projects/Vincentz/Guilds/Guilds_CIV4UnitInfos.xml,xml,Modular rule/asset definitions,2557,87189,1e48288246f97fe6472c3f9deeb0f6ebd0b88590924a69e5a3858a7ba74f6cff
Assets/Modules/Projects/Vincentz/Guilds/Guilds_CIV4UnitSchema.xml,xml,Modular rule/asset definitions,1153,58121,c60494c95145b16abb9f083aa386b9cefe0f3458f61e959d9b99c4776cc80a04
Assets/Modules/Projects/Vincentz/Guilds/Guilds_Civ4GameTextInfos.xml,xml,Modular rule/asset definitions,691,45396,0d4460d497be6ab0e66823014b2638ab993a1575d1ed44249a8ddea0fcc5d65e
Assets/Modules/Projects/Vincentz/MLF_CIV4ModularLoadingControls.xml,xml,Modular rule/asset definitions,56,1478,47e7b9c8a98fef6cc7a07f4a5b222f5e346440ffd2ec76aa53f63a2002acab6b
Assets/Python/AbandonCityEventManager.py,py,Python/root,296,14364,800cea847ab278fa3363021389f227d41f561db4ab28dd101b946cb2ddc1407a
Assets/Python/AugustusAIProfiler.py,py,Python/root,241,9677,ac84d9df87ce8ca6bf25b6a9102d57cec5b091fa703e1eb4975913649a3af186
Assets/Python/BUFFY/Buffy.py,py,Python/BUFFY,159,4313,22b5f09dd904579a239f9027a18d4bc201609c08e26406290c0563108366319d
Assets/Python/BUFFY/GameSetUpCheck.py,py,Python/BUFFY,328,8805,5f85bf7315dc5bdd26ed8ef7a438559a313fd675a693fed271067ef6bff3cb32
Assets/Python/BUG/AttitudeUtil.py,py,Python/BUG,426,14940,9fe4307046378bfae36977c69d587e14d0054defd8e5f96fbab5760b7afbf147
Assets/Python/BUG/BugConfig.py,py,Python/BUG,630,18739,1c73c3e3752739e5e55d6acf3957fd4c4b58236364018787eb3d7bc0a2883b6a
Assets/Python/BUG/BugConfigTracker.py,py,Python/BUG,38,885,9244fb02e9ebfa7b3f061c6c4105b0faf9c26d1d20de10383688d5332a097c11
Assets/Python/BUG/BugCore.py,py,Python/BUG,168,4157,a7fba05d2cab88ba6d6cc4a06c66c93606a102f7a5697eceaee513c94737b8bf
Assets/Python/BUG/BugData.py,py,Python/BUG,266,7449,0f828ca420e80d004f4ba48fa2197514c1f3dc43a94be7365dff19b2215d6f01
Assets/Python/BUG/BugDll.py,py,Python/BUG,209,6042,f018312ad760527668232622cbe844d06fd76d1fa90a38b4cce761fbecf6d816
Assets/Python/BUG/BugEventManager.py,py,Python/BUG,572,20473,dcf4e24e5b8859aa0b6c56444bde33e657df8bbd7156afcfa7b95f52437bdb1e
Assets/Python/BUG/BugFile.py,py,Python/BUG,100,2370,48c4d6d63f2247e3df0c3658217f1864115571f3a7d15865bd581ef6cba27866
Assets/Python/BUG/BugGameUtils.py,py,Python/BUG,486,18218,52e784719c8522c249835bbf31d4581b3a7182cfee5a42998430f0f58b988571
Assets/Python/BUG/BugHelp.py,py,Python/BUG,64,1975,1939107805d11ae64fa9ad5584404eab82883dfe81b28e5125e95ec1c78a744c
Assets/Python/BUG/BugInit.py,py,Python/BUG,95,2423,053bc0cddfa2350c43806430efe9f982ed102a70c7a8698580b27f04f4d18c77
Assets/Python/BUG/BugOptions.py,py,Python/BUG,1500,45197,867c4e0b7e9d9170786b1be369359178e8adfde13770c5d7b7bb4c4da5097bb1
Assets/Python/BUG/BugOptionsScreen.py,py,Python/BUG,229,5670,b86cbd6c256c8c3dbb06bb22e08d56ed6f1a9abcdecfc9fc44e7400e9f0db177
Assets/Python/BUG/BugOptionsTab.py,py,Python/BUG,452,17003,ea50fdf6e782bd7023a97b808926eae4242f87afbdd296d8bd36b41c5fa448ce
Assets/Python/BUG/BugPath.py,py,Python/BUG,710,19408,ee4993d609ab3fd05f1475c23fef3950751ecb4ce492931ce86a9de9bc527234
Assets/Python/BUG/BugScreen.py,py,Python/BUG,224,6888,961827654553e41e647c595d88f3ea8c4e349e07aaf39b13fb57ea75f17399f3
Assets/Python/BUG/BugTypes.py,py,Python/BUG,191,4259,ef6667918cf81131e202f18b8dd7f8e26d716c1698b025d5d606a1821fffbd0b
Assets/Python/BUG/BugUnitPlot.py,py,Python/BUG,638,23255,0bfa690b5bf25afa3559a3a99e6cf59fe990f98219d388d582a754d1cfd153f9
Assets/Python/BUG/BugUpdateChecker.py,py,Python/BUG,77,1851,48e3110572d82ee90aa8e23fa7feb36d883b6c6c2a84bc824d864baf9a023e94
Assets/Python/BUG/BugUtil.py,py,Python/BUG,838,26194,a31055c5e8270ae038bc4778a7ef90ed0ecd784002d6582ec0f797286754b804
Assets/Python/BUG/CityUtil.py,py,Python/BUG,33,905,3daa07481c3e39967f22257434c9b8ea0eac270330349e1ef830ef1820dae300
Assets/Python/BUG/ColorUtil.py,py,Python/BUG,116,3010,09679b756d6347fe79fa0f269c69592f364fef9649f21b8574758fd3bbe517a3
Assets/Python/BUG/DealUtil.py,py,Python/BUG,300,9273,b91a5c67b90606733908e7072c4e8ecc48d43652af1e4349f40e1943e2bf04f7
Assets/Python/BUG/DiplomacyUtil.py,py,Python/BUG,498,20103,1d152d5c9477d0c34a5994d84a2f29c6548bf0ef2e9fdbdace7c791a0024337b
Assets/Python/BUG/FontUtil.py,py,Python/BUG,208,6297,968e67a8ae43fb6af95913464d0ead24686f161cb4476e5f75b4f0de6824ac16
Assets/Python/BUG/GGUtil.py,py,Python/BUG,38,863,1f1f1e6bb29dd0501bf23745d3b222d4268702963998cd9bcb6ca75c17d8c8fa
Assets/Python/BUG/GPUtil.py,py,Python/BUG,285,9809,3adb2b91fe5234ce59daf24a2b041f3b3f632da31193c4eb816236244540e930
Assets/Python/BUG/GameUtil.py,py,Python/BUG,175,4541,826dfae179f09b9c1d453d4d4c0bb5541e1b012e7673aa0f361d40ac7b1b09ed
Assets/Python/BUG/InputUtil.py,py,Python/BUG,218,5334,5c44f54aa007499ad587ca0332fac904c1924957d636ba4e442d903aa54648d5
Assets/Python/BUG/PlayerUtil.py,py,Python/BUG,602,22256,b60ce98550b0f3da94cbd41617e55771e3abf0951e4ed11dc7b73e6f5df5a025
Assets/Python/BUG/ProgressBarUtil.py,py,Python/BUG,152,3941,2a6e93e1d23ffeb3ffa525fd12e48dae48593ee87731127120e4daabe9c7307f
Assets/Python/BUG/RawYields.py,py,Python/BUG,261,9188,28b87553b25c58200b0c5fda735821d777fcb5882573b395635508a5fd9671f5
Assets/Python/BUG/ReligionUtil.py,py,Python/BUG,452,13277,93aabe0cd420a03d888311c3c90e86135d69a019b516db0a4404db4ab881ece6
Assets/Python/BUG/Scoreboard.py,py,Python/BUG,614,17671,b2baccf1f75b69260c3cd2f016e7085b12f7c0f060a33761db0e2dcc9ae87d35
Assets/Python/BUG/SpyUtil.py,py,Python/BUG,135,3785,1e90a2ff57fec355515a2b5fa0e85bfaf42a0076f582feacfca53d62ebbc013f
Assets/Python/BUG/SvnUtil.py,py,Python/BUG,197,6085,04b463e29ecd24b5d5c9c1e9191a42449e1f4bb0d3721d19c96024c22f4eee47
Assets/Python/BUG/Tabs/BugACOOptionsTab.py,py,Python/BUG,65,2670,2bc86dab0ea1ce9e6ae9cf0afe9fbeb4b6bcf9d1e74fc44c18c47a96cca4af8e
Assets/Python/BUG/Tabs/BugAdvisorOptionsTab – backup.py,py,Python/BUG,91,4534,d597763b60e522548b329d4544c21de6903aca1243a22bb232765c7bf2c7fadf
Assets/Python/BUG/Tabs/BugAdvisorOptionsTab.py,py,Python/BUG,91,4534,d597763b60e522548b329d4544c21de6903aca1243a22bb232765c7bf2c7fadf
Assets/Python/BUG/Tabs/BugAlertsOptionsTab.py,py,Python/BUG,77,3647,eef2566594ae4ca49a81e9a19d50ce527fae2082e403b4ab998aa17dfafc3351
Assets/Python/BUG/Tabs/BugAutologOptionsTab.py,py,Python/BUG,113,5141,441f5dafc696a925ea80472ea2cf65232bda5e8f86167a92859fc9c18cb3fcb9
Assets/Python/BUG/Tabs/BugCityScreenOptionsTab.py,py,Python/BUG,130,6908,71d5f75abec012ee2ddf8cd6933351ecea937df0c8f3ee4543d0a58eed98d8a7
Assets/Python/BUG/Tabs/BugConfigTrackerTab.py,py,Python/BUG,36,975,e42a1f647107dadbcacb35874d6ae6bfec2bd62497e8ceea36ff59c5e475ad01
Assets/Python/BUG/Tabs/BugCreditsOptionsTab.py,py,Python/BUG,152,5665,322755800e165dbd7102259a9344ad2afe3fbf7171661692e2e6a229859a2600
Assets/Python/BUG/Tabs/BugErrorOptionsTab.py,py,Python/BUG,30,912,466ab76988316c88a72404ade7f5c4f469da3c2fe61def2e68fdd46d2a556aea
Assets/Python/BUG/Tabs/BugGeneralOptionsTab.py,py,Python/BUG,93,4210,be5fca383d609802de85e3517be485db3d7709ac6327018312ef17424a94837f
Assets/Python/BUG/Tabs/BugMapOptionsTab.py,py,Python/BUG,68,3001,3be62df7a6e6120c8f282645a12738f285d3fb487d08a34a6f91dcffb3455399
Assets/Python/BUG/Tabs/BugNJAGCOptionsTab.py,py,Python/BUG,59,2940,03a76c607cab3c95fb1a1ae9aeb727cc285977201de6af930e954026ee50465c
Assets/Python/BUG/Tabs/BugPleOptionsTab.py,py,Python/BUG,78,3696,b036d99b1a6141606ac34aeb2f192525cd02a2f404f036ad3772fc64760d482e
Assets/Python/BUG/Tabs/BugScoreOptionsTab.py,py,Python/BUG,70,3470,884bb46ffd0e99fa8b8b8faf9b5509ed12c44f969863592a18b54096998a017b
Assets/Python/BUG/Tabs/BugSystemOptionsTab.py,py,Python/BUG,60,2316,cf9060c6e17e2dd3b6c32a6cffc9287a729171d3bf25eba29fa6b05cf70ea882
Assets/Python/BUG/Tabs/BugUnitNameOptionsTab.py,py,Python/BUG,68,3847,cf19742bfa5e586f24762ff60a4e1a50db8ad1adade4563859d5597f8aa4a3da
Assets/Python/BUG/Tabs/RevDCMOptionsTab.py,py,Python/BUG,124,6324,24cb57c375959955cde85476d937eae79398dd43ef2074a9131200e27342e63c
Assets/Python/BUG/Tabs/RoMOptionsTab.py,py,Python/BUG,38,1420,d91ea4d0dfdd5baa1095e8ff79271d358af9893ca4b5517d5b0ed98021b1800b
Assets/Python/BUG/TechPrefs.py,py,Python/BUG,387,12339,a6d402d3c68eeba602f35319ecc357242e1d28e3d0c34a9f942615780dd6c0fa
Assets/Python/BUG/TechUtil.py,py,Python/BUG,72,1870,816184633bf6f66f219d607c371518530f260db5951fbf15e4e04750d571c230
Assets/Python/BUG/TradeUtil.py,py,Python/BUG,739,25882,7ca744ed63e3019c8951f50ebbd6f0c9d0e9b235425cc403a90a102ba6f1b28d
Assets/Python/BUG/TraitUtil.py,py,Python/BUG,67,3184,a2f752420df2e80c396630201cf2a3156b8f30d3b5853a5d669d1c15465ef6b1
Assets/Python/BUG/UnitGrouper.py,py,Python/BUG,389,11930,a522e2980e1973ff058e332c371b1a68082f94ea01b22183ce3e71a329fe63ca
Assets/Python/BUG/UnitPlotListUtil.py,py,Python/BUG,340,10133,11dc0332cac15b9faf07e5c60b606b041e3920ae456d0ec04fcab854df56a7ef
Assets/Python/BUG/UnitUtil.py,py,Python/BUG,627,20390,80074b03c93f30bee76d786a8a3c161f97031ee282f468114dabc16340eb1b6c
Assets/Python/BUG/WidgetUtil.py,py,Python/BUG,148,4571,ed3f85b0ae64f0fbe2767eab6ac6345abe9fa399e4755d54e77e01dac3683a89
Assets/Python/BUG/configobj.py,py,Python/BUG,3550,119256,03ddfed46736f1b765afc91b5ae4c1b8a1c64568e7dbe02ce64c74bd11694d2d
Assets/Python/Contrib/AStarTools.py,py,Python/Contrib,734,24584,9fc6169927ff0bf41ea94108c6ea4a9efda6203b7ae3106c1d8c2f5143c1caba
Assets/Python/Contrib/AutoSave.py,py,Python/Contrib,156,4413,df0b15259e7a9ce9c494a0b041c1a257f60f72541c6f5361fd0eb4431c58ce2e
Assets/Python/Contrib/Civ4lerts.py,py,Python/Contrib,995,34636,3f229a2f3be6ee65f808b664e3dca5a1f5cb6efe474e94f96f2ec609c78f0d6a
Assets/Python/Contrib/CvAllErasDawnOfManScreenEventManager.py,py,Python/Contrib,28,958,91431bf12b2bc3f558eba112e15eedb5116f3a1f46962a8ed85135c6068cc7a4
Assets/Python/Contrib/CvModFolder.py,py,Python/Contrib,6,114,423eafc0f7d4f20dd1d552d91983f66cc2a922b9b2e54e4e5c75f11d08930e63
Assets/Python/Contrib/CvModName.py,py,Python/Contrib,33,552,f8225539a216387a2fd27c65c5891758845fe07c6bc707cfca429ee43d92fbb5
Assets/Python/Contrib/CvOverlayScreenUtils.py,py,Python/Contrib,241,6673,178784997f5fdac116f5ec4d024fa036dba3dfcc028e53e1ed9fdfdbaa2b6077
Assets/Python/Contrib/CvStrategyOverlay.py,py,Python/Contrib,631,16950,554381a1e310361993947317b8449f9883195d456012e54d3078e4366d0a01ad
Assets/Python/Contrib/EspionageEventManager.py,py,Python/Contrib,107,3205,6de7cf2d5cb5497a65b79102d4cf22427ec060c0ad87c8e32a62effac1698cc5
Assets/Python/Contrib/EventSigns.py,py,Python/Contrib,554,20997,b212aace14fbbc5c61b85cecc477d2c5031884044910c1608b1ab84ccfdd7082
Assets/Python/Contrib/FavoriteCivicDetector.py,py,Python/Contrib,353,15294,024a81de607c7428b3698abfa6d4632b084c9217ad47e6d089bc4448b6c7b09d
Assets/Python/Contrib/MapFinder.py,py,Python/Contrib,617,17040,52c0214df66ede71a6a41902edbbb70d039023138d0d4f330aa9e02320ff45f7
Assets/Python/Contrib/MapFinderStatusScreen.py,py,Python/Contrib,139,4406,96a330b05e00a9ea06ddddace71fc08e2623f5762071ef2e11f0cd68b3f14707
Assets/Python/Contrib/MonkeyTools.py,py,Python/Contrib,500,19747,3e0fed91db0f7af2b126dd2fbee7414a61c417f6a49287c9a62aa4d9ebe60c29
Assets/Python/Contrib/MoreCiv4lerts.py,py,Python/Contrib,546,23168,7807a8b4ba4423ac2b6d3ee830d62e40be09b63fb6310a71e705b0d4472f3ce1
Assets/Python/Contrib/MovieMod.py,py,Python/Contrib,22,796,cfb7f4af3dd9ac69d92cd10e5e42bc808d046bc5c3e15b262e6e003250bdb59a
Assets/Python/Contrib/PlotListEnhancements.py,py,Python/Contrib,7,230,78af19beb669c7ca25bcd9734a1a7bd1d8eb977befc43588e1ec0658bcd82adb
Assets/Python/Contrib/RandomNameUtils.py,py,Python/Contrib,256,232063,17f71defc7a508815b070e0535fdb8c1b3209c4ed4fe874a3dce1a2b41005446
Assets/Python/Contrib/ReminderEventManager.py,py,Python/Contrib,351,11262,8f5705ec3986b511ac62adf6f5799932b117f4e6bb811a88f5d85ab544f61e27
Assets/Python/Contrib/RevDCM.py,py,Python/Contrib,151,6489,ab1805a5ad978bfde3bc85ca5fd6ccbc80837e2d8148fbec19d08415b30f3b92
Assets/Python/Contrib/RevDCMReligionControl.py,py,Python/Contrib,246,10678,b722bfdd78891e1ec2c6ad5204ed8bc6d7e850381caf902fe395443b88307ffd
Assets/Python/Contrib/Roman.py,py,Python/Contrib,45,1086,79e8f1b06328adea708e007b5cbeaf499f2d28985757f9d2848176faf5708501
Assets/Python/Contrib/RuffEcho.py,py,Python/Contrib,16,512,22b8c5ecafdd486adc149ec987144418b482c5e720824fd45ae53f514e1de931
Assets/Python/Contrib/SdToolKit.py,py,Python/Contrib,140,4618,361c5744f80a1d19ed527e2a8451bdd7afa5bef33270724312a60dc959e77a6a
Assets/Python/Contrib/Sevopedia/SevoPediaBonus.py,py,Python/Contrib,251,11185,27b698e525046df2b64aec1d7c122df7ce4082cc63a1a438e16c1e61de0bae1a
Assets/Python/Contrib/Sevopedia/SevoPediaBuilding.py,py,Python/Contrib,465,26215,4e5bdecebdbb15ad3f23b7133a3f347786c959d890886cd71ac56495aee31500
Assets/Python/Contrib/Sevopedia/SevoPediaCivic.py,py,Python/Contrib,129,5242,060a18e4babebde2657f4fd18ab67818f1639825b8f6e9489a8adcd97df615da
Assets/Python/Contrib/Sevopedia/SevoPediaCivilization.py,py,Python/Contrib,144,6135,a98dab3fd5a8d4fad7dd00d72b428f052f0cad4206dd9948b9a0635773a3dab4
Assets/Python/Contrib/Sevopedia/SevoPediaCorporation old.py,py,Python/Contrib,156,6997,b84f95cb023ca02548f209c60e58f38d85bc7c2d561e473ffb82173aecb286c1
Assets/Python/Contrib/Sevopedia/SevoPediaCorporation.py,py,Python/Contrib,150,6766,8d8346c792759953ff29574a55de5d6903cfff7a2c236cd1e2160fc5c18a86ae
Assets/Python/Contrib/Sevopedia/SevoPediaFeature.py,py,Python/Contrib,98,3680,090f32b38f5d1f047c33364d9552cebb1cea4fd2d3719f80a74588448742a896
Assets/Python/Contrib/Sevopedia/SevoPediaHistory.py,py,Python/Contrib,64,1591,3eb183f44bf4a93a6b4e83d27c8c3f8cccaf3525ab7664aba800ae1a611032d5
Assets/Python/Contrib/Sevopedia/SevoPediaImprovement.py,py,Python/Contrib,219,10940,1581d590224cae0ed9e7761986af16f16068faace18d05f9b9d5818c57517729
Assets/Python/Contrib/Sevopedia/SevoPediaIndex.py,py,Python/Contrib,257,12137,ecda05164646b633fba844907359ecba7eee8b463c1fd7a400cbaed43e2a4d9f
Assets/Python/Contrib/Sevopedia/SevoPediaLeader.py,py,Python/Contrib,181,8535,dc02ffad93ef3a7c68dd838033d510df6db401349a70fde430ddc6ac6653d867
Assets/Python/Contrib/Sevopedia/SevoPediaMain.py,py,Python/Contrib,986,41707,3fe3c11542bff3dbb60599553fd37b4b383269fa234abfb02fc7c1cfcd017510
Assets/Python/Contrib/Sevopedia/SevoPediaProject.py,py,Python/Contrib,168,6776,b1bcffbec4248c8ac9391a485d1cb73d07eefb47dbb7f8c54953b7396df9b6fb
Assets/Python/Contrib/Sevopedia/SevoPediaPromotion.py,py,Python/Contrib,148,7295,2987ced4d0a1faffbe01636a1d0c5bc46143b671c267c3f1e0381535181f2fa5
Assets/Python/Contrib/Sevopedia/SevoPediaReligion old.py,py,Python/Contrib,163,7541,83894bf06fdf18787827fada14ece4642c3410adb20f128c6cabd09115166ad9
Assets/Python/Contrib/Sevopedia/SevoPediaReligion.py,py,Python/Contrib,152,6798,5686d4a639e55cd0b13daa674d9740890b4b84dbb88123623d5b377824db8ef2
Assets/Python/Contrib/Sevopedia/SevoPediaSpecialist.py,py,Python/Contrib,90,3308,d7a368c61b0b619acbf650b27d1dd96716c9f75e0fd63acae1fcd358111573d3
Assets/Python/Contrib/Sevopedia/SevoPediaTech.py,py,Python/Contrib,240,10986,19f74924cceff4459192430334916d6c330b917a070433c1076597110ab5190d
Assets/Python/Contrib/Sevopedia/SevoPediaTerrain.py,py,Python/Contrib,93,3559,b7e2e1eab827082b6610ed5b6229d55d9f1eef68ceb20a15f8d19b6ba8bf2e8c
Assets/Python/Contrib/Sevopedia/SevoPediaTrait.py,py,Python/Contrib,143,5304,9f834974297b0e2900c0cbc9cedb69230ebbd64c06a51d326131937176d94577
Assets/Python/Contrib/Sevopedia/SevoPediaUnit.py,py,Python/Contrib,291,15375,97ac842459683491ddaca68d8f9b7d309adb288aeaff6e1c0abd71b32565341d
Assets/Python/Contrib/Sevopedia/SevoPediaUnitChart.py,py,Python/Contrib,94,4160,cdf15b01a8f4ac6dfcd7d15bd3529155d4ac9eba2d38c589c82648cf360d6b92
Assets/Python/Contrib/Sevopedia/SevoPediaUtil.py,py,Python/Contrib,25,862,81623574f5d1c8a9bd506c0095139216a7bb3563caab2ca776b02bd2468a1332
Assets/Python/Contrib/Sevopedia/SevoScreenEnums.py,py,Python/Contrib,32,743,27869adad5a90cb0b93d1e8809b7867df719cc48b3e457b52cf2b220f19b0191
Assets/Python/Contrib/StatusDump.py,py,Python/Contrib,114,2976,26a3f07fc85d3e37890db024a0914e5f41c95d9a8ebf62c41b80e73cbf012506
Assets/Python/Contrib/StatusDumpEventManager.py,py,Python/Contrib,232,6232,5591dd291f55eacb35ffd00c26b1d39db6b3b56cd5db12e219cbf7c81f4aaad4
Assets/Python/Contrib/TechWindow.py,py,Python/Contrib,354,17444,ee728a53ae12f3b7755872d83888b70f14ef2c4d7bc2d3e2ea1a89802dee05b9
Assets/Python/Contrib/TechWindowWide.py,py,Python/Contrib,361,18302,dd5abe7db277091745a4ffd73b1bfd6182cf31dcc78927d5edb97973996be5a9
Assets/Python/Contrib/UnitNameEventManager.py,py,Python/Contrib,624,21239,b940e335284ebb7624218555cca1eea79cd5d0c418d738bb489448b92fcf12c1
Assets/Python/Contrib/UnitUpgradesGraph.py,py,Python/Contrib,624,22722,799559b862cb19be9157d9192b1fa166f9c4f85806eb69e35c070fbe03e225f5
Assets/Python/Contrib/autolog.py,py,Python/Contrib,149,4515,fb5ad17b7023fb946c4a9b39c8c445edfc8e7997332b519b77c189d59d8ae1b8
Assets/Python/Contrib/autologEventManager.py,py,Python/Contrib,1615,72067,94982581129ed9fa1c7cda28f8466540bc3a6b816281818b05ec2cf6ba3045c7
Assets/Python/CvAdvisorUtils.py,py,Python/root,1027,50965,9feda5fa9145d93f47e1de672484ad6bf702d51f6d6da010f18d2dfb7ec5653a
Assets/Python/CvConfigParser.py,py,Python/root,114,5105,2afafe7aa95a4b2aef5193c5a8223caebe4879ab28db145cceb38b2ef897c313
Assets/Python/CvDiplomacy.py,py,Python/root,752,34500,46dc935cf01895d4c023396c2ba090a9837b710d8ec61b16caafc41b8a26b767
Assets/Python/CvMapGeneratorUtil.py,py,Python/root,1414,55981,cc9e2e6730bca93676b7b27e19563596ab2f22c2c69f313ba737304fc7a67513
Assets/Python/CvUtil.py,py,Python/root,615,22257,97a02f20724ddbe93b5eaa9eff91dedbe4882dc1714fbc9ba6802a63ba76b8f3
Assets/Python/EnhancedTechConquestUtils/CvEnhancedTechConquestEventManager.py,py,Python/EnhancedTechConquestUtils,32,909,96b6f92861e2ad43b73c31e38a47a534f199ec0a157af0f49cdeab37265dc679
Assets/Python/EnhancedTechConquestUtils/EnhancedTechConquest.py,py,Python/EnhancedTechConquestUtils,267,10016,ead08307e6013ad234cca18da272a52a5ebf71ac8c4b99bb27d273ff8b7995ac
Assets/Python/EntryPoints/CvAppInterface.py,py,Python/EntryPoints,296,8956,d5df042dd9499ee251a577ab65eb2211d0cd4b96fdb853f417f9f645fbc0045e
Assets/Python/EntryPoints/CvEventInterface.py,py,Python/EntryPoints,58,1796,12c15ca9b65dea8bd81b19d4cc896a812da7ae5953386aecdd0c6de097497c1c
Assets/Python/EntryPoints/CvGameInterfaceFile.py,py,Python/EntryPoints,11,242,fd8478fc9cf81ad52b270ae5d4ed35f5f118096cff1da4f8c3404b2ecc74cf62
Assets/Python/EntryPoints/CvOptionsScreenCallbackInterface.py,py,Python/EntryPoints,577,15713,a2bf35e835eaed2d89346d89b58a82a701d06a5bcdbd308defe78506d56bc65e
Assets/Python/EntryPoints/CvRandomEventInterface.py,py,Python/EntryPoints,7313,260384,5653ec2b7b463d39058c7a7ba4acfecaaa14e950a715ad1c549c4b42eed19f38
Assets/Python/EntryPoints/CvScreenUtilsInterface.py,py,Python/EntryPoints,26,833,52422f7d120e1210f0ea9a770694b65e3967d5263926444455b8960884785300
Assets/Python/EntryPoints/CvScreensInterface.py,py,Python/EntryPoints,1194,40125,3b1a613f90f5e496fb6e6d9553893fb98cd4dcdc2741a7d0df498c6b46b25deb
Assets/Python/EntryPoints/CvWBInterface.py,py,Python/EntryPoints,378,13304,e19ae9584a7705196133c90dfce02f002d4e5feb69a7b9fb2501b624a10f8f3a
Assets/Python/GodsOfOld.py,py,Python/root,4,102,ee3201da442cd80946b51a26ac3ab8d5027759e49d4e82199fbf454cea9ccfb7
Assets/Python/ModTools/ModTools.py,py,Python/ModTools,132,5664,c3296182d6dce31b4d11ea37d68473648797d1b0832df3d430d54274287b892c
Assets/Python/ModTools/ModToolsUtils.py,py,Python/ModTools,19,600,cd9c2b701f13e0fff3d968d644cb0528a95962766a73ea81fc8aec84be715281
Assets/Python/OOSLogger.py,py,Python/root,192,7680,caf0b539aecafe8c1ed4a47a4835e7a026ca13f07164c20e9a54d5d0b60fdb02
Assets/Python/PyHelpers.py,py,Python/root,2193,62525,562602d21a97bb7bb178ca45848d2f5d824da15cf49b3c6b3ee18c100538edbf
Assets/Python/Revolution/Development/ChangePlayer.py,py,Python/Revolution,272,10330,afa833655440423817adbcfe002faaf0ddf2c2d54e546aa720b701196abc8059
Assets/Python/Revolution/Development/Tester.py,py,Python/Revolution,688,25187,0830fc38f5ffbf0455e594ce5345062fafb1379a606fc46d86816cf76cb45b15
Assets/Python/Revolution/Gameready/AIAutoPlay.py,py,Python/Revolution,622,29559,90600335b66c5bb121001dba97d04c29e9dc002767e00212fc057f52e9dd6e71
Assets/Python/Revolution/Gameready/BarbarianCiv.py,py,Python/Revolution,2063,104499,1115e6e42c192b299d221a65619ddba2c2a7679991a8d8147e588abf8749eab7
Assets/Python/Revolution/Gameready/DynamicCivNames.py,py,Python/Revolution,594,26339,ccc05853371fac5915bb982adaa7b4133ad413617fee319bae2f798c82b6f769
Assets/Python/Revolution/Gameready/Revolt.py,py,Python/Revolution,83,2039,33052e2a596b4cd2304dcc6bb9a756b5f8b58f04ffd75d6d3e1bfceccefd47aa
Assets/Python/Revolution/Gameready/Revolution.py,py,Python/Revolution,7056,344570,9a485a6ba75a1b20fed30a692444eddf23f850f9c33797caaddeffd57f38b85c
Assets/Python/Revolution/Gameready/StartAsMinors.py,py,Python/Revolution,170,5648,9be49981915be9bd8b8484dd50999dbf2b481d57eced33fd5c6c435b8ef8695d
Assets/Python/Revolution/Gameready/TechDiffusion.py,py,Python/Revolution,271,9739,cec1059e57bfffc2db8d93158e72963d3476e3e2081bc1967966be0a10a2aa19
Assets/Python/Revolution/LeaderCivNames.py,py,Python/Revolution,26,660,5b5ce1d8c420c9c690b0f6d181a9d3a2052703269d28da6558b72175d658ffec
Assets/Python/Revolution/RebelTypes.py,py,Python/Revolution,120,9266,1956b25cee911dd756430b74436df34a69b13fb8b45ee6f9257ae5e32b67a20a
Assets/Python/Revolution/RevBuildingsUtils.py,py,Python/Revolution,93,2417,87dc4a1b49c6964d89f1aa6c99dcbb70fc148859a27ce770c14520d0e2e0b729
Assets/Python/Revolution/RevCivicsUtils.py,py,Python/Revolution,484,12138,f0a8103a6a10e0691781873206bd49eee513fe1f110777948ecfbf7904e24c2e
Assets/Python/Revolution/RevData.py,py,Python/Revolution,181,5537,11dd40e9d36da61b6c10e33be6352547d2d207f73c45dec60b12408732b8e38f
Assets/Python/Revolution/RevDefs.py,py,Python/Revolution,288,7986,73c9e4b5311f07bc2d1db36517fd9da5b5773957b528f805196fe4e98db9273f
Assets/Python/Revolution/RevEvents.py,py,Python/Revolution,1213,55072,b7ec1835141de6c72078b33a1d3f412dbb2e472a80156029dbe7265bb6a21b54
Assets/Python/Revolution/RevInstances.py,py,Python/Revolution,14,265,177e0daf14e873997cac1fcb4e60ca712366e85203c7592f1e34c5fc4e177841
Assets/Python/Revolution/RevTraitsUtils.py,py,Python/Revolution,169,3490,3cb63ae7c11a4f1d1059b5fab2b8eb4b43598588f297e2ccee0cbf652c2bc2c6
Assets/Python/Revolution/RevUtils.py,py,Python/Revolution,1239,49555,b13b03aa9c405c5ad3d811ce158691c2b17932dd53398a54be99989154b1d62d
Assets/Python/Revolution/RevolutionInit.py,py,Python/Revolution,351,16415,720d50498270ce3d50a5c307111e18c0d137d3dd41d52b61096a381732acb2e6
Assets/Python/Revolution/TextUtils.py,py,Python/Revolution,89,2381,8c84896e5930271ebc995b62644263a10c876f063f09a76e7caf626b3a735439
Assets/Python/RoMEventManager.py,py,Python/root,559,26614,d280e6612b0cba89d2391f183324b67c3efeaa2c856da9a9472b696c1ff8900b
Assets/Python/RoMGameUtils.py,py,Python/root,519,25627,e76a4a09d03855664dbae099fb8fc45c005da3bfafd46806d1fa0fb74a2e819e
Assets/Python/Screens/BugFinanceAdvisor.py,py,Python/Screens,462,33066,c4449c5c36395ae3b634343f21cfa0081ed435406d02e2339df324aea690fdeb
Assets/Python/Screens/CvBUGMilitaryAdvisor.py,py,Python/Screens,1239,50838,84dcaa90fe4707e7daf198f20eb4f19e23317c6106c61b77d5c6dfaf3556c3f3
Assets/Python/Screens/CvCivicsScreen.py,py,Python/Screens,501,21154,8c415030816e86938742e933dac4dba83a2c62168b6c31e476f6ac8ab4b7a044
Assets/Python/Screens/CvCorporationScreen.py,py,Python/Screens,468,18361,707713fac8cb88bb5e93b90132e5e660ed58da383069f5b49fa615760efd9aeb
Assets/Python/Screens/CvCustomizableDomesticAdvisor.py,py,Python/Screens,3174,126319,4e2e9a7e338ac5c783f07f76bdb199dc9fef6659efc2e3a853c11dcbca554d61
Assets/Python/Screens/CvDawnOfMan.py,py,Python/Screens,249,12128,1405fa7afd45fc59ec1f318398906f7a3fa3abbf03a7a1abf27c40dbb08c021d
Assets/Python/Screens/CvDotMapOverlayScreen.py,py,Python/Screens,232,8477,00b656cc60131eb591608b0e67a92eb321ad3b546e06028bfef846179e5e235f
Assets/Python/Screens/CvEspionageAdvisor.py,py,Python/Screens,1210,51665,25d67bf69f62cd82c456dc3701a5ee8098a66a93f2aaf5b03eb28d9fed1fe1c6
Assets/Python/Screens/CvExoticForeignAdvisor.py,py,Python/Screens,1562,75311,a5251d7582d5dd7a90e3e8623d879702d9b3dc919f48bfb9b0c35e9f53eec283
Assets/Python/Screens/CvForeignAdvisor.py,py,Python/Screens,830,45283,ea0352efa74bdaa1af5414f2cfc7ce19765e85cafeefb3e8595a0bb8af25f824
Assets/Python/Screens/CvHallOfFameScreen.py,py,Python/Screens,430,22119,c81a710584ff067da940cc8a8573d394cb13a009fe00b23edd0b99026c1cc919
Assets/Python/Screens/CvInfoScreen.py,py,Python/Screens,3240,135665,b8c53a41685c5066ddd2835d17570480b49e8617e668fe38db1b3f39566ef53a
Assets/Python/Screens/CvMainInterface-PLE.py,py,Python/Screens,5367,239368,d6c72bd415d8ef6d8f7c937a21f51a292fd4ae1bfd6c8c27220c7e72bca45760
Assets/Python/Screens/CvMainInterface.py,py,Python/Screens,6502,295411,be67b066afddd35f8d19ececf24d74045b4ca7da70a3444d5c9892a8d971c4fc
Assets/Python/Screens/CvPediaHistory.py,py,Python/Screens,255,11511,a7f36859281589241a44a53ca5a68bb545959b3c4411a7c4d309dfc2b55ff823
Assets/Python/Screens/CvPediaMain.py,py,Python/Screens,1130,47651,54695b05a1679dd98d2a6e3fd17d7712d7bc6018642f91913f9cb69c452c2f4c
Assets/Python/Screens/CvReligionScreen.py,py,Python/Screens,726,32855,5f7ffb2025837c9da32b5e8e5618951d0495ba7cdafb138e9e707e9ee5d2c905
Assets/Python/Screens/CvScreenEnums.py,py,Python/Screens,73,2744,95ac4a9d23a282d966f0e270279e7432520289cada57bc804fc56392313dfd76
Assets/Python/Screens/CvTechChooser.py,py,Python/Screens,1388,67192,b7c2d3c0d6915ffbdf3cae12e11d9b6aba71b95682119cc1b7adf08fc4def04d
Assets/Python/Screens/CvVictoryScreen.py,py,Python/Screens,1747,86256,5e81b28f42b3187656634617513676d81ddeb71ee3302a8286df40d5069cbe2d
Assets/Python/Screens/IconGrid.py,py,Python/Screens,539,19801,a97ee84bf103cc44abd149239158b80713425283a46d11c29bb3dddd6be1be9c
Assets/Python/Screens/IconGrid_BUG.py,py,Python/Screens,886,35251,9cab80a8c365096c9199da8356e47c8ad40f2a23dc964fd6ae342bf1303d3d17
Assets/Python/Screens/PLE.py,py,Python/Screens,2317,95048,d5cde63bc53552b91dd168484224c8e87ee371035a25ee9b023f6f85759999c7
Assets/Python/Screens/RevolutionWatchAdvisor.py,py,Python/Screens,3171,126436,4e8c8a8af0be9697ff9d9bb98f6dc72c3981c6ecd326d8c1e4b9817a9079623f
Assets/Python/SdToolKitCustom.py,py,Python/root,370,11733,bebaca30aeb8d38f5952984c192ecfb56772296b2512efaaa43fe7648808eeb4
Assets/Python/SettlementTrainingProfiler.py,py,Python/root,389,19866,f8f0476955920898621bc5a9c4c144aae80249be519a8bfc661bc3b2af92087c
Assets/Python/zCivics.py,py,Python/root,76,3130,65f13940ebcdc01584421900ede8e73250f3bb2f1ad72427f305306df6b81b81
Assets/Unloaded Modules/Custom Buildings/NoBuldingGraphics/NBG_CIV4ArtDefinesSchema.xml,xml,Disabled module candidates,427,19020,ed610eda5cb549511ffcca989c7cb07b6a2672b5ec78b9fc1378389498326d6b
Assets/Unloaded Modules/Custom Buildings/NoBuldingGraphics/NBG_CIV4ArtDefines_Building.xml,xml,Disabled module candidates,3332,130288,29b46336765720e3aeb9ef56d58b077135d99be0d9ad62c38ddd3fb3dd406015
Assets/Unloaded Modules/Realistic Diplomacy/RealDiplo_AGAMEMNON_CIV4LeaderHeadInfos.xml,xml,Disabled module candidates,273,9369,0f2e5199df5db630facf33685a361c637e3186c33634d0ac4f0166c886354cf6
Assets/Unloaded Modules/Realistic Diplomacy/RealDiplo_ALARIC_CIV4LeaderHeadInfos.xml,xml,Disabled module candidates,281,9865,dd33bdb9f988c73124febbd8c863da4c6426feb3448b0dd6ed3bcb1d9cff9ed4
Assets/Unloaded Modules/Realistic Diplomacy/RealDiplo_ALBOIN_CIV4LeaderHeadInfos.xml,xml,Disabled module candidates,273,9339,e8214f7bc20aa240a12dbad8ce753e2f784b2126de0b4ee2437e35fda4802522
Assets/Unloaded Modules/Realistic Diplomacy/RealDiplo_ALOOMA_CIV4LeaderHeadInfos.xml,xml,Disabled module candidates,281,9953,6a449bf1b4fb9fb351f2874561b76465a3a00b4a6d54ef41c98a9fb84a5fbde1
Assets/Unloaded Modules/Realistic Diplomacy/RealDiplo_AMANISHABHETO_CIV4LeaderHeadInfos.xml,xml,Disabled module candidates,281,9967,9e1520d87dc1c864b42ad6a11585c3d586a18bed11c9ebdf322651b3e4911dee
Assets/Unloaded Modules/Realistic Diplomacy/RealDiplo_ANDRANIK_CIV4LeaderHeadInfos.xml,xml,Disabled module candidates,281,9853,3db484ef97236f834e59f8b3332a5c6e67a74c0ff0604d22f36d62c44135a928
Assets/Unloaded Modules/Realistic Diplomacy/RealDiplo_ANTIGONUS_CIV4LeaderHeadInfos.xml,xml,Disabled module candidates,273,9369,8bc3d84131b30c490feca3394ecb6cddd298a0a7b0d16af93cc09c70982918de
Assets/Unloaded Modules/Realistic Diplomacy/RealDiplo_ARPAD_CIV4LeaderHeadInfos.xml,xml,Disabled module candidates,281,9895,5785648563e027db8dc110fbf959b39c80504b910e0f1d76854e2cc001eea521
Assets/Unloaded Modules/Realistic Diplomacy/RealDiplo_AbuBakr_CIV4LeaderHeadInfos.xml,xml,Disabled module candidates,240,8109,2bbec6996dbba91e520acc69c38e0559f040cb36c94d59b18f0d7180f5016b9c
Assets/Unloaded Modules/Realistic Diplomacy/RealDiplo_Adenauer_CIV4LeaderHeadInfos.xml,xml,Disabled module candidates,281,9877,793f684d3b3ea3d9f60d2d3242a59422f7286defc34b8149c6b55b5e2d36108b
Assets/Unloaded Modules/Realistic Diplomacy/RealDiplo_Afonso_CIV4LeaderHeadInfos.xml,xml,Disabled module candidates,273,9331,89237b9b998a56e8f867b1f1343909309c777f95a227071e20a7d7cf9d9f134d
Assets/Unloaded Modules/Realistic Diplomacy/RealDiplo_Akbar_CIV4LeaderHeadInfos.xml,xml,Disabled module candidates,275,9475,94a5f4e7801f95779ae153987d511a9e75be3e56b73b6a320727582747b2cf1e
Assets/Unloaded Modules/Realistic Diplomacy/RealDiplo_Alexander_CIV4LeaderHeadInfos.xml,xml,Disabled module candidates,261,9273,89a3855c10c8c38515156202f1042c987c5bc33fd2332e4dd700f0eb53eaa680
Assets/Unloaded Modules/Realistic Diplomacy/RealDiplo_Ashur_CIV4LeaderHeadInfos.xml,xml,Disabled module candidates,276,9758,2b034e74ed8e89b7fecda8d074f91fd3547c6af7e7d0b77240d462e9c51c4c07
Assets/Unloaded Modules/Realistic Diplomacy/RealDiplo_Asoka_CIV4LeaderHeadInfos.xml,xml,Disabled module candidates,284,10276,42195a303c270aae358ce2083a0e4c4f2dc89eab5ce61bcae869584aab2c84c6
Assets/Unloaded Modules/Realistic Diplomacy/RealDiplo_Ataturk_CIV4LeaderHeadInfos.xml,xml,Disabled module candidates,265,9061,07f11d95106fe882cae1cd8354947557a5748a81b58d06be323bc4c4ee79c4b9
Assets/Unloaded Modules/Realistic Diplomacy/RealDiplo_Atotoztli_CIV4LeaderHeadInfos.xml,xml,Disabled module candidates,273,9337,82be3b8171fc634a4a0698412239a706529c4707630da3e11ffe729b2a333d1d
Assets/Unloaded Modules/Realistic Diplomacy/RealDiplo_Augustus_CIV4LeaderHeadInfos.xml,xml,Disabled module candidates,276,9740,ac2417c154d47991f28d4614eac4bf6a931343110299b8ae4a2e1025dff8a926
Assets/Unloaded Modules/Realistic Diplomacy/RealDiplo_BEN_GURION_CIV4LeaderHeadInfos.xml,xml,Disabled module candidates,273,9379,af68b867564f4b7d3e0be46713f3fedf7aaab2284d78b2d1970639a5fc389ff3
Assets/Unloaded Modules/Realistic Diplomacy/RealDiplo_BORU_CIV4LeaderHeadInfos.xml,xml,Disabled module candidates,273,9319,3d95786cacd553dfe00a4f3670353869be28e7429ea5c2ad629a93c82a3d9d46
Assets/Unloaded Modules/Realistic Diplomacy/RealDiplo_Barbarossa_CIV4LeaderHeadInfos.xml,xml,Disabled module candidates,259,8910,914d99f55d8edd29250d0ced7fe7debe624fcdbe208760ea83e7060a746fed3b
Assets/Unloaded Modules/Realistic Diplomacy/RealDiplo_Basil_CIV4LeaderHeadInfos.xml,xml,Disabled module candidates,273,9362,00c2e3c368d239657f6d56c4156bab8eb805c629de3098be240b03aa0761a53f
Assets/Unloaded Modules/Realistic Diplomacy/RealDiplo_Bismarck_CIV4LeaderHeadInfos.xml,xml,Disabled module candidates,276,9756,cbd59e95ff1858cf4802c53d42743f23672ca7357da30c7d5336131afe79d65b
Assets/Unloaded Modules/Realistic Diplomacy/RealDiplo_Boudica_CIV4LeaderHeadInfos.xml,xml,Disabled module candidates,276,9746,4bf5896b6b858d6a4aa27b3b6ae3d2534a63ea830f7fb9846a87dbb20955b2cc
Assets/Unloaded Modules/Realistic Diplomacy/RealDiplo_Brennus_CIV4LeaderHeadInfos.xml,xml,Disabled module candidates,275,9745,526abe1efd5bc70b36b5385c9748997eab2b86564301b92a551b9a7ddb101b20
Assets/Unloaded Modules/Realistic Diplomacy/RealDiplo_Bush_CIV4LeaderHeadInfos.xml,xml,Disabled module candidates,273,9387,6985a3ff0c93ab164c1e2ca252ba1c159b5a6816dca27e88864ee1363ae5329b
Assets/Unloaded Modules/Realistic Diplomacy/RealDiplo_CAKSTE_CIV4LeaderHeadInfos.xml,xml,Disabled module candidates,273,9363,d785b55e4ed55459aa2c31183f69dbf2201137fb67a57b483636667c253e8d57
Assets/Unloaded Modules/Realistic Diplomacy/RealDiplo_CANUTE_CIV4LeaderHeadInfos.xml,xml,Disabled module candidates,273,9379,8c2cfa1d4dd758462a534c14e6e1f31e61a87da1a36565e5e05f858e835b947b
Assets/Unloaded Modules/Realistic Diplomacy/RealDiplo_CARDENAS_CIV4LeaderHeadInfos.xml,xml,Disabled module candidates,273,9335,bb9d9714b2e4cbbe16363c74272fa0855f762ac61ec281c6c17d97a4474fbd0d
Assets/Unloaded Modules/Realistic Diplomacy/RealDiplo_CASIMIR_CIV4LeaderHeadInfos.xml,xml,Disabled module candidates,273,9357,c1d943bb8f1d2e2f6617ba4368d425b339eb888c98b0f83cce72626b813e41af
Assets/Unloaded Modules/Realistic Diplomacy/RealDiplo_CHARLES_XII_CIV4LeaderHeadInfos.xml,xml,Disabled module candidates,273,9389,a4a4e9db1fc7cc41f1d6efa02955ae6a485005e6f828e596422090c6117fe880
Assets/Unloaded Modules/Realistic Diplomacy/RealDiplo_CHE_BONG_NGA_CIV4LeaderHeadInfos.xml,xml,Disabled module candidates,273,9399,9fa9633532f4e53da1b7dc2f82a98da32dc0e24cce08543bd783f051f61bbecb
Assets/Unloaded Modules/Realistic Diplomacy/RealDiplo_CHRISTIAN_IV_CIV4LeaderHeadInfos.xml,xml,Disabled module candidates,273,9391,ce2b74b6c569959eaa96b958a1bb5841ca9353652e2abfb549a8638b4acff5a5
Assets/Unloaded Modules/Realistic Diplomacy/RealDiplo_CIV4CivilizationsSchema.xml,xml,Disabled module candidates,556,30162,14dfe5e0ae15b18e7f1b5a699d541d821d847708aa40a031df15b020b339b590
Assets/Unloaded Modules/Realistic Diplomacy/RealDiplo_CIVILIS_CIV4LeaderHeadInfos.xml,xml,Disabled module candidates,275,9385,d501c552c8f600b2091295f19a9c7e0ee0743d81c0a12629902b8455ee854654
Assets/Unloaded Modules/Realistic Diplomacy/RealDiplo_CLARK_CIV4LeaderHeadInfos.xml,xml,Disabled module candidates,273,9337,c76fe2b7a66b707ef860405f82dbe68bf159171b8e9621cb1bcd39e8bc9d0194
Assets/Unloaded Modules/Realistic Diplomacy/RealDiplo_COLLINS_CIV4LeaderHeadInfos.xml,xml,Disabled module candidates,273,9349,f4fe9d67fafadbc15c4290d90047c6a77171c500c475985ec2f37c12051024b3
Assets/Unloaded Modules/Realistic Diplomacy/RealDiplo_CUNHAMBEBE_CIV4LeaderHeadInfos.xml,xml,Disabled module candidates,275,9505,db6b80c3dd44163d98e23d0d781ede8554e3dcaeaf33cb108bd52ce369dc78a6
Assets/Unloaded Modules/Realistic Diplomacy/RealDiplo_CUNNE_SHOTE_CIV4LeaderHeadInfos.xml,xml,Disabled module candidates,275,9507,33b7ff452fefbdfeb6f426c19d1103ac094927eb0bbe250c95ca66540bc3c307
Assets/Unloaded Modules/Realistic Diplomacy/RealDiplo_CURTIN_CIV4LeaderHeadInfos.xml,xml,Disabled module candidates,273,9339,4052ce78d408c6b7c803b88dd8d9b0a5d729f0d7b861cc0c76aff499db920a17
Assets/Unloaded Modules/Realistic Diplomacy/RealDiplo_CUZA_CIV4LeaderHeadInfos.xml,xml,Disabled module candidates,273,9351,a4f6cc17a4abb27465cf3994506b591d1bd71b51070ef5e9d70a3e476d07a204
Assets/Unloaded Modules/Realistic Diplomacy/RealDiplo_Caligula_CIV4LeaderHeadInfos.xml,xml,Disabled module candidates,267,9272,18d5e289d017f097df04d97f45caeae687e09dba469f898dbd49298814787016
Assets/Unloaded Modules/Realistic Diplomacy/RealDiplo_Catherine_CIV4LeaderHeadInfos.xml,xml,Disabled module candidates,276,9766,e513714c37f57d85b0f123778da47040495e462754f4da157efa88a45fedc900
Assets/Unloaded Modules/Realistic Diplomacy/RealDiplo_Cetshwayo_CIV4LeaderHeadInfos.xml,xml,Disabled module candidates,274,9339,07a67cd89949bbf5d732c70bd3084d4516b7dac37b5cdb1281d47bdeb43da9db
Assets/Unloaded Modules/Realistic Diplomacy/RealDiplo_Charlemagne_CIV4LeaderHeadInfos.xml,xml,Disabled module candidates,276,9786,7a538e8109ebfc637473dbf49f04a1ef417510030eb836fc121cd8e2bdaac823
Assets/Unloaded Modules/Realistic Diplomacy/RealDiplo_Charles_V_CIV4LeaderHeadInfos.xml,xml,Disabled module candidates,276,9505,d75de015c465c8acbcd53a6fdbdc3464c09ac7a82a8bdee5475505f73ca1431b
Assets/Unloaded Modules/Realistic Diplomacy/RealDiplo_Cheops_CIV4LeaderHeadInfos.xml,xml,Disabled module candidates,281,9953,7ea0e342d936ea14e5517e1ec567648810ef11f72854dc6104050522be6ad864
Assets/Unloaded Modules/Realistic Diplomacy/RealDiplo_Chiang_CIV4LeaderHeadInfos.xml,xml,Disabled module candidates,273,9339,4740e1fa8158e3ccf2ca0e8db5c6b090a96d962c676ab10c2cea092d218985a4
Assets/Unloaded Modules/Realistic Diplomacy/RealDiplo_ChineseLeader_CIV4LeaderHeadInfos.xml,xml,Disabled module candidates,276,9776,d65554a92e1ea89b870f7b8bd8c202537c9dd84b8e2e4708843982db5fd68742
Assets/Unloaded Modules/Realistic Diplomacy/RealDiplo_Churchill_CIV4LeaderHeadInfos.xml,xml,Disabled module candidates,276,9758,fa4b388653d4faefe1dcd003fca4a2c61eb9bdc84df8e62c12a69430783b9122
Assets/Unloaded Modules/Realistic Diplomacy/RealDiplo_Cixi_CIV4LeaderHeadInfos.xml,xml,Disabled module candidates,273,9317,d8da23a01f85d1420b368defcb10c688265a2d94d368c7e54c26d089dcf55248
Assets/Unloaded Modules/Realistic Diplomacy/RealDiplo_Cleopatra_CIV4LeaderHeadInfos.xml,xml,Disabled module candidates,283,10019,6f91432e6d755601429d81a7dcd29ca0d796acd796537539523a4fd77ca431dc
Assets/Unloaded Modules/Realistic Diplomacy/RealDiplo_Cochise_CIV4LeaderHeadInfos.xml,xml,Disabled module candidates,273,9357,fbf1f0d3f970f653d72147b6635ac37921db8fb3371426e58c5aafec62f5efd1
Assets/Unloaded Modules/Realistic Diplomacy/RealDiplo_Constantine_CIV4LeaderHeadInfos.xml,xml,Disabled module candidates,273,9381,eecb32a50d19ff4247ad11d94ca5521ccba4e4ec81add1f802eed3c5f8dedd27
Assets/Unloaded Modules/Realistic Diplomacy/RealDiplo_Cyrus_CIV4LeaderHeadInfos.xml,xml,Disabled module candidates,280,9998,78919b8ec1bb2cfa0f07dde2f1fe8930ef190133ef799a35317708b5d417c890
Assets/Unloaded Modules/Realistic Diplomacy/RealDiplo_DAVID_CIV4LeaderHeadInfos.xml,xml,Disabled module candidates,273,9329,36f757a916ef1e57d1e0e577187c1eb6aa28d01e5d1e23d9a02237e799de695c
Assets/Unloaded Modules/Realistic Diplomacy/RealDiplo_DIODOTUS_CIV4LeaderHeadInfos.xml,xml,Disabled module candidates,273,9367,f2f216754635c2ad5b82ea94f15d5f67218eb82cc8411b75ebbd41dddd622d41
Assets/Unloaded Modules/Realistic Diplomacy/RealDiplo_DUSAN_CIV4LeaderHeadInfos.xml,xml,Disabled module candidates,273,9329,2f57f1c55a7fc2f8c0f14a119c50d6cbca6bb33e4f0d58c07efd318cef41de8d
Assets/Unloaded Modules/Realistic Diplomacy/RealDiplo_Darius_CIV4LeaderHeadInfos.xml,xml,Disabled module candidates,280,10000,6ae0887fd29cf52d52d3804f26fbdf0312b56a88e94271c092ae84c7592a2930
Assets/Unloaded Modules/Realistic Diplomacy/RealDiplo_DeGaulle_CIV4LeaderHeadInfos.xml,xml,Disabled module candidates,276,9758,a27225d769c83472b53ff4a640541d477fe618984bd34e07bf9f341205829c41
Assets/Unloaded Modules/Realistic Diplomacy/RealDiplo_Deganawida_CIV4LeaderHeadInfos.xml,xml,Disabled module candidates,284,10288,d6729ed539f3ed10a2908027eee7470741daf5ccb9b16cd6cd5750ecbf9f626b
Assets/Unloaded Modules/Realistic Diplomacy/RealDiplo_Dido_CIV4LeaderHeadInfos.xml,xml,Disabled module candidates,277,9581,875c4e602363fbf8fe8bc2461add2ddb181b923ffac14b671b2a45e374ebbe91
Assets/Unloaded Modules/Realistic Diplomacy/RealDiplo_EWUARE_CIV4LeaderHeadInfos.xml,xml,Disabled module candidates,275,9497,b1b9fbc1c8a73b8c3f8acc8e4e771857b7515b7799f99d62aada087261746530
Assets/Unloaded Modules/Realistic Diplomacy/RealDiplo_Elizabeth_CIV4LeaderHeadInfos.xml,xml,Disabled module candidates,276,9766,1fd8b33baf9273eeeaf7ee8d66f5da128e586bec821d9554741088ec15cd64ec
Assets/Unloaded Modules/Realistic Diplomacy/RealDiplo_Eyadema_CIV4LeaderHeadInfos.xml,xml,Disabled module candidates,274,9671,d6dfc081ac715f91fde53f68490bbfe7f254640802ac356b45e08dfdaf312912
Assets/Unloaded Modules/Realistic Diplomacy/RealDiplo_FRANZ_CIV4LeaderHeadInfos.xml,xml,Disabled module candidates,267,9146,2f11ba39707a559f7ba2c8abb9ae90f021b7070c075c5e74a86a59977612c03c
Assets/Unloaded Modules/Realistic Diplomacy/RealDiplo_FrancisII_CIV4LeaderHeadInfos.xml,xml,Disabled module candidates,267,9156,a8888aff6e051db2a4664a99cae6ce75ac1b1a733a9c1a33e3302a496020f512
Assets/Unloaded Modules/Realistic Diplomacy/RealDiplo_Franco_CIV4LeaderHeadInfos.xml,xml,Disabled module candidates,282,10203,4ab3d61ea5f6cffd2553c5611f6365d949a0a82f695104d9574cc46d454b4416
Assets/Unloaded Modules/Realistic Diplomacy/RealDiplo_FranklinRoosevelt_CIV4LeaderHeadInfos.xml,xml,Disabled module candidates,276,9784,a1f32bd2bf946482edbdee362a912820c26858b3ef1a9c11983298d9d029b8a1
Assets/Unloaded Modules/Realistic Diplomacy/RealDiplo_Frederick_CIV4LeaderHeadInfos.xml,xml,Disabled module candidates,278,9914,f15fb6e49039d36f328a08b59e9fa8dd86a595c9be1f2694aaf37dc28c7f9f48
Assets/Unloaded Modules/Realistic Diplomacy/RealDiplo_GOYATHLAY_CIV4LeaderHeadInfos.xml,xml,Disabled module candidates,273,9361,c04457b84949634c7827f969b09118425ad50b0038c31c10b4d74a276365b354
Assets/Unloaded Modules/Realistic Diplomacy/RealDiplo_Gandhi_CIV4LeaderHeadInfos.xml,xml,Disabled module candidates,277,9872,df1892fff16667715c35d5833f44363543d781553782d806477f7a7081f4743d
Assets/Unloaded Modules/Realistic Diplomacy/RealDiplo_GenghisKhan_CIV4LeaderHeadInfos.xml,xml,Disabled module candidates,282,10234,be848c41803eaac6445da5fccf15e797e752f4759cdfb4104a5063fcebb03428
Assets/Unloaded Modules/Realistic Diplomacy/RealDiplo_Gilgamesh_CIV4LeaderHeadInfos.xml,xml,Disabled module candidates,276,9766,4f53309ae73c116b2f06c9c0271fc5d2ba3c01161906008f54518b0982d16f56
Assets/Unloaded Modules/Realistic Diplomacy/RealDiplo_Gjergj_CIV4LeaderHeadInfos.xml,xml,Disabled module candidates,281,9811,e99419d29b07ddb2bdb59e5673e6bd6ebe813a44f3147c4dbb84491fc2f7554d
Assets/Unloaded Modules/Realistic Diplomacy/RealDiplo_Gorbachev_CIV4LeaderHeadInfos.xml,xml,Disabled module candidates,281,9879,e9ddd5f895a96430acdb7c79b14e19c809e7b083e422bc665fd7c670496fcb26
Assets/Unloaded Modules/Realistic Diplomacy/RealDiplo_HECTOR_CIV4LeaderHeadInfos.xml,xml,Disabled module candidates,281,9849,ce6e60e37ae1fd1ac62bc4dd05d99019dab881b1595f9e23db4cc482fbcfece4
Assets/Unloaded Modules/Realistic Diplomacy/RealDiplo_HEKE_CIV4LeaderHeadInfos.xml,xml,Disabled module candidates,281,9933,69a1247afdbfabe22a3cbf754675c0d931c141dee309d1aae3b24d994996d794
Assets/Unloaded Modules/Realistic Diplomacy/RealDiplo_HIDALGO_CIV4LeaderHeadInfos.xml,xml,Disabled module candidates,281,9939,342e49905391b7c7fc8f08724d4879394ece3ac4b50b097c2ecedcc8234e701b
Assets/Unloaded Modules/Realistic Diplomacy/RealDiplo_HIRAM_CIV4LeaderHeadInfos.xml,xml,Disabled module candidates,275,9397,7717e8bdfd38a7d3d02bf960628936061a18d5474cb4a5bc468edd67756d5254
Assets/Unloaded Modules/Realistic Diplomacy/RealDiplo_HO_CHI_MINH_CIV4LeaderHeadInfos.xml,xml,Disabled module candidates,273,9373,5afb1b58f08f079c276e1eca960c63521fc7c488a8f13b3e4aad4febfddb79e4
Assets/Unloaded Modules/Realistic Diplomacy/RealDiplo_Hammurabi_CIV4LeaderHeadInfos.xml,xml,Disabled module candidates,276,9766,aba0be2def2528ac1459c7c393cd275923b140ce23b28c5b695595a1240a73e4
Assets/Unloaded Modules/Realistic Diplomacy/RealDiplo_Hannibal_CIV4LeaderHeadInfos.xml,xml,Disabled module candidates,278,9802,b4f6d29b09027db685f522132d07f13aecfd9c51322ca915bb81e9e6c11c89c4
Assets/Unloaded Modules/Realistic Diplomacy/RealDiplo_HaraldHardrada_CIV4LeaderHeadInfos.xml,xml,Disabled module candidates,273,9347,d8db0095491bb80ba9519fa59b363e02ba78c39c84c24b717492de2dd71ca635
Assets/Unloaded Modules/Realistic Diplomacy/RealDiplo_Hatshepsut_CIV4LeaderHeadInfos.xml,xml,Disabled module candidates,283,10364,3f918a0c53a3108a33c853efa154c9a7b5cc175bfee0eeb023b11b2738397f59
Assets/Unloaded Modules/Realistic Diplomacy/RealDiplo_HenryTheNavigator_CIV4LeaderHeadInfos.xml,xml,Disabled module candidates,267,9266,46cb4b765fd3d266ac8529b4e938b9f1412a23c8c15424ad7522f2d11971fd79
Assets/Unloaded Modules/Realistic Diplomacy/RealDiplo_Henry_VIII_CIV4LeaderHeadInfos.xml,xml,Disabled module candidates,273,9657,5949d145d0f705aaf115697b45431716383829c8c1a354ef6481bfc942c57beb
Assets/Unloaded Modules/Realistic Diplomacy/RealDiplo_Hiawatha_CIV4LeaderHeadInfos.xml,xml,Disabled module candidates,273,9372,3cb4d1d705fb0953bd30f99be8f4e680e377d2d7ea0c7fd157f7f88b4a9e5d33
Assets/Unloaded Modules/Realistic Diplomacy/RealDiplo_Hindenburg_CIV4LeaderHeadInfos.xml,xml,Disabled module candidates,275,9417,fc29125db520a36ef00f791e5cec101dc2e49bcf0cfce970412ac711f9a56387
Assets/Unloaded Modules/Realistic Diplomacy/RealDiplo_Hirohito_CIV4LeaderHeadInfos.xml,xml,Disabled module candidates,274,9385,1ce3c157d5db5fe5f28a05ca60dc7d692464ff11c5344b049016e79f50f13042
Assets/Unloaded Modules/Realistic Diplomacy/RealDiplo_HuaynaCapac_CIV4LeaderHeadInfos.xml,xml,Disabled module candidates,279,10013,d87ea94eec94fbf20d078b91af82bcf857963feb2372368f3716b4327bfb2aab
Assets/Unloaded Modules/Realistic Diplomacy/RealDiplo_IndiraGandhi_CIV4LeaderHeadInfos.xml,xml,Disabled module candidates,266,9170,7b2bcb26eca36e4383deb139d2f82ecceede474f6c97fd951deaf96a23d0b9cc
Assets/Unloaded Modules/Realistic Diplomacy/RealDiplo_InnocentIII_CIV4LeaderHeadInfos.xml,xml,Disabled module candidates,273,9383,444f28e981118fb1540f340221b80334da7b71faac13398651e221c972a637b0
Assets/Unloaded Modules/Realistic Diplomacy/RealDiplo_Isabella_CIV4LeaderHeadInfos.xml,xml,Disabled module candidates,284,10330,8fe06736e78e39459ae26d6ad4969db83f827f69577fddb488f6df1b9ae0555b
Assets/Unloaded Modules/Realistic Diplomacy/RealDiplo_Itzcoatl_CIV4LeaderHeadInfos.xml,xml,Disabled module candidates,281,10498,3930a2ba371ee23f7383a99dc8f29c4dd99071888bb68cb69641ac11c28078ce
Assets/Unloaded Modules/Realistic Diplomacy/RealDiplo_Ivan_CIV4LeaderHeadInfos.xml,xml,Disabled module candidates,282,9907,a13ef084dcb9f12eb05641ba75311fc61eb584e7aa79d2bdcc54606053789b02
Assets/Unloaded Modules/Realistic Diplomacy/RealDiplo_JEAN_CIV4LeaderHeadInfos.xml,xml,Disabled module candidates,289,10567,1be1b279b4a6b0b6df60faa761a524b95ceffce4c153b961d009efa943e7418a
Assets/Unloaded Modules/Realistic Diplomacy/RealDiplo_JOGAILA_CIV4LeaderHeadInfos.xml,xml,Disabled module candidates,273,9349,a518905b63525e058e9dbec136db58a8bdb9d58a56648f696e7838a034b54350
Assets/Unloaded Modules/Realistic Diplomacy/RealDiplo_Jackson_CIV4LeaderHeadInfos.xml,xml,Disabled module candidates,274,9602,93881347b95b1ae4f4c1b7bb5497d91561273ebc0bc184cc641399c6acde3db9
Assets/Unloaded Modules/Realistic Diplomacy/RealDiplo_Jayavarman_CIV4LeaderHeadInfos.xml,xml,Disabled module candidates,273,9664,669e137593abe043bfb01e54cc287c52863206357dfad0988e0f6bbf10ebca00
Assets/Unloaded Modules/Realistic Diplomacy/RealDiplo_Jingu_CIV4LeaderHeadInfos.xml,xml,Disabled module candidates,275,9381,21a5accdeb917877e46c17576df5bdf754a402a6bb369098c3008ae0b860f761
Assets/Unloaded Modules/Realistic Diplomacy/RealDiplo_JoanofArc_CIV4LeaderHeadInfos.xml,xml,Disabled module candidates,273,9627,8373053f4e98467cc96dddeb7b7415d441bd8597f7b7c8556f748be92e9fc356
Assets/Unloaded Modules/Realistic Diplomacy/RealDiplo_Joao_CIV4LeaderHeadInfos.xml,xml,Disabled module candidates,276,9732,350293aea7620626abc74aa1f25aa85c4e86f29c9400d99358a746d729f63468
Assets/Unloaded Modules/Realistic Diplomacy/RealDiplo_JuliusCaesar_CIV4LeaderHeadInfos.xml,xml,Disabled module candidates,276,9750,2c8f2671a656d3bf97357facf6af76f6bf793de67d5d8e0ad53eede39dd71ed9
Assets/Unloaded Modules/Realistic Diplomacy/RealDiplo_Justinian_CIV4LeaderHeadInfos.xml,xml,Disabled module candidates,276,9774,5bc9eb2c2ff8d3f66ac115552c6ac24c22dae38dbbd8d471b466704538bec58d
Assets/Unloaded Modules/Realistic Diplomacy/RealDiplo_KAMEHAMEHA_CIV4LeaderHeadInfos.xml,xml,Disabled module candidates,273,9379,ecac5437f43816663ef60b816ab453bdad313463bb8440eb5340b69b22d00f6f
Assets/Unloaded Modules/Realistic Diplomacy/RealDiplo_KEKKONEN_CIV4LeaderHeadInfos.xml,xml,Disabled module candidates,273,9359,039ed5646d977adb720289d94b7bfda6ef7679187f3d7b90cf50343846aa64b6
Assets/Unloaded Modules/Realistic Diplomacy/RealDiplo_Kangxi_CIV4LeaderHeadInfos.xml,xml,Disabled module candidates,274,9638,3c04bc199ba5df208dde2d849fc5ebab0300ae1b6f2d8acd765f169b221b8ac4
Assets/Unloaded Modules/Realistic Diplomacy/RealDiplo_Kim_CIV4LeaderHeadInfos.xml,xml,Disabled module candidates,281,9827,7c6b98441702902c45851389b6b30397f245f01878c7db71d683033c8d2f6f5b
Assets/Unloaded Modules/Realistic Diplomacy/RealDiplo_KublaiKhan_CIV4LeaderHeadInfos.xml,xml,Disabled module candidates,282,10218,a779fcb3c5aaa0e07980d297130cbab5cd9a445ae1f31589ed30dcc801a59312
Assets/Unloaded Modules/Realistic Diplomacy/RealDiplo_LARS_PORSENA_CIV4LeaderHeadInfos.xml,xml,Disabled module candidates,281,9829,08bd438015a044fd9aa3d5ad7e66ded27acba97e055dfc25304be16453181b3f
Assets/Unloaded Modules/Realistic Diplomacy/RealDiplo_LEOPOLD_II_CIV4LeaderHeadInfos.xml,xml,Disabled module candidates,273,9371,44c9e4b0d5df748b4908e79556a27a157089ea98b947ac31eb3cd2edec84770c
Assets/Unloaded Modules/Realistic Diplomacy/RealDiplo_LLYWELYN_CIV4LeaderHeadInfos.xml,xml,Disabled module candidates,273,9359,4994cd98f875941a7c5ea4717a1d72d2be824a0fce440792bb8bf7553f02817a
Assets/Unloaded Modules/Realistic Diplomacy/RealDiplo_LORENZO_CIV4LeaderHeadInfos.xml,xml,Disabled module candidates,273,9373,3375dd1bcdaf34ab3a3476fe23a63063982901248e6e943342a5b186c0ee8ab2
Assets/Unloaded Modules/Realistic Diplomacy/RealDiplo_Lenin_CIV4LeaderHeadInfos.xml,xml,Disabled module candidates,274,9636,2c4d86735fdd752655ad0237b1f62fd0f6e0fd2fbc8da0adf5c2f7baf756cbae
Assets/Unloaded Modules/Realistic Diplomacy/RealDiplo_Leonidas_CIV4LeaderHeadInfos.xml,xml,Disabled module candidates,274,9641,4a8d8e709f4a6d8648d7daa70f1b46526b5e297be395679ddeff7cdf5c3889ed
Assets/Unloaded Modules/Realistic Diplomacy/RealDiplo_Lincoln_CIV4LeaderHeadInfos.xml,xml,Disabled module candidates,276,9746,62aa6f6facc50c2a86159398e8c636b1dd17f63fe1d6184db7efae9c8ac053cd
Assets/Unloaded Modules/Realistic Diplomacy/RealDiplo_LouisXiv_CIV4LeaderHeadInfos.xml,xml,Disabled module candidates,276,9734,f24e09f3fd0f742890ffb2c0f4280929c2eb664892d76c91f0990abaf451f6f3
Assets/Unloaded Modules/Realistic Diplomacy/RealDiplo_MACDONALD_CIV4LeaderHeadInfos.xml,xml,Disabled module candidates,289,10737,4f268d079598a670398c7b241e6eece78241d5b03a6cb11584edee0890e0b73a
Assets/Unloaded Modules/Realistic Diplomacy/RealDiplo_MACKENZIEKING_CIV4LeaderHeadInfos.xml,xml,Disabled module candidates,289,10873,9cca701ae3bd43b24fa787e15849b78b962c6ef4c80fef15e1bb2afbb186bd6c
Assets/Unloaded Modules/Realistic Diplomacy/RealDiplo_MARGRETE_CIV4LeaderHeadInfos.xml,xml,Disabled module candidates,275,9389,4af9f503b6e0a1268339d8dda3da0c93ee8de0941557b975f081305be1711052
Assets/Unloaded Modules/Realistic Diplomacy/RealDiplo_MARIA_THERESA_CIV4LeaderHeadInfos.xml,xml,Disabled module candidates,267,9163,ed9ad4e54686a8836841e92ed9e4a79002d7761423d5ac0aa10f61a6cf0f5062
Assets/Unloaded Modules/Realistic Diplomacy/RealDiplo_MARY_STUART_CIV4LeaderHeadInfos.xml,xml,Disabled module candidates,281,9859,34d0f1e85e9d1bbb36e0794fffd0dfb85f9a2c1f0d63a693b575dae17a96568d
Assets/Unloaded Modules/Realistic Diplomacy/RealDiplo_MASARYK_CIV4LeaderHeadInfos.xml,xml,Disabled module candidates,275,9511,9fc01a4e2060ffca452656eb698ee9954cbc6b248e9e09355c76360bfd701419
Assets/Unloaded Modules/Realistic Diplomacy/RealDiplo_MATTHIAS_CIV4LeaderHeadInfos.xml,xml,Disabled module candidates,273,9359,e754961878b59901147f652626b235b20728d4b56a59ae9090772a64295fddaf
Assets/Unloaded Modules/Realistic Diplomacy/RealDiplo_MEHAI_CIV4LeaderHeadInfos.xml,xml,Disabled module candidates,273,9353,acc8d996c620f2bbeb0c6582d2b466713206613583e61b695716d9f25c64a4d1
Assets/Unloaded Modules/Realistic Diplomacy/RealDiplo_MENZIES_CIV4LeaderHeadInfos.xml,xml,Disabled module candidates,272,9364,ddda67a61b6f6bb98d53de0a83b5ea834a94ce7b8713f7b0b4667b9b20376ccc
Assets/Unloaded Modules/Realistic Diplomacy/RealDiplo_MINDAUGAS_CIV4LeaderHeadInfos.xml,xml,Disabled module candidates,281,9879,9224122541fd045759c1c0af147d6ed2281d29f1207dc928573834d2111fbda7
Assets/Unloaded Modules/Realistic Diplomacy/RealDiplo_MansaMusa_CIV4LeaderHeadInfos.xml,xml,Disabled module candidates,275,9769,175a081c892dc5192664ec1f14a8830b12c76889832326b80cbf06a9b1df8bfb
Assets/Unloaded Modules/Realistic Diplomacy/RealDiplo_Marcus_CIV4LeaderHeadInfos.xml,xml,Disabled module candidates,274,9613,d6e6d6906e0a67c987c83058bbb5e040c32412135e9c81cf64642f12da5d6be2
Assets/Unloaded Modules/Realistic Diplomacy/RealDiplo_Masinissa_CIV4LeaderHeadInfos.xml,xml,Disabled module candidates,275,9662,e0664aed868b5a8f51d62c376aec86b2e272c95d2a4627ca0d29f8649c80adc8
Assets/Unloaded Modules/Realistic Diplomacy/RealDiplo_Mehmed_CIV4LeaderHeadInfos.xml,xml,Disabled module candidates,278,9782,a94dd3e4134693155a1c1ba107cf0019c062261d1bdc8a8baf4abb818d6558ff
Assets/Unloaded Modules/Realistic Diplomacy/RealDiplo_Meiji_CIV4LeaderHeadInfos.xml,xml,Disabled module candidates,263,8999,832d464e724de17fb785edcddca7b7fcb111ec4095e8026c17f08c0ce69f5354
Assets/Unloaded Modules/Realistic Diplomacy/RealDiplo_Menelik_CIV4LeaderHeadInfos.xml,xml,Disabled module candidates,276,9748,ef3b176ea0344655d91282f3a57351fde6d402a0e753903aa8b4a542495d9d57
Assets/Unloaded Modules/Realistic Diplomacy/RealDiplo_Mongkut_CIV4LeaderHeadInfos.xml,xml,Disabled module candidates,275,9784,26c6b298180064e08087a77f8da1a42c683221e015da448ee03e7a4038a191c6
Assets/Unloaded Modules/Realistic Diplomacy/RealDiplo_Montezuma_CIV4LeaderHeadInfos.xml,xml,Disabled module candidates,284,10348,a2f85517f8f63f2bc54e50ccdb296c5f2fb4c7e5ca188c3f082ca62c02f2e5d1
Assets/Unloaded Modules/Realistic Diplomacy/RealDiplo_Mursilis_CIV4LeaderHeadInfos.xml,xml,Disabled module candidates,270,9285,28af87c862758c435231db99d0776011ecb18522a63b2150409be6771e1d0ffe
Assets/Unloaded Modules/Realistic Diplomacy/RealDiplo_NARBONA_CIV4LeaderHeadInfos.xml,xml,Disabled module candidates,273,9357,9eb537e616652e0b79a1d1360b02b0f2b5244e82fddc947ac8d7af747f6c7ca6
Assets/Unloaded Modules/Realistic Diplomacy/RealDiplo_NIALL_CIV4LeaderHeadInfos.xml,xml,Disabled module candidates,281,9951,e60fc5785799f0f8d2f009f9f53e18432161476d5f72435ca9bf93916f8c101a
Assets/Unloaded Modules/Realistic Diplomacy/RealDiplo_Napoleon_CIV4LeaderHeadInfos.xml,xml,Disabled module candidates,276,9756,031d4714fc4fd34e19a1a0571d0b44a2c492189361fc0800a77637a2cc5f901b
Assets/Unloaded Modules/Realistic Diplomacy/RealDiplo_Nebuchadrezzar_CIV4LeaderHeadInfos.xml,xml,Disabled module candidates,276,9774,c32cc0c33a3dcd291f3437e6235e5bd2390aef15829cf30a78edbaef58d9d3a1
Assets/Unloaded Modules/Realistic Diplomacy/RealDiplo_Nefertiti_CIV4LeaderHeadInfos.xml,xml,Disabled module candidates,282,9978,ddf6c3b1a7f07f257214dbf1423abd4b554b8cb2f26aaf401232d36b9bf9cea4
Assets/Unloaded Modules/Realistic Diplomacy/RealDiplo_Nero_CIV4LeaderHeadInfos.xml,xml,Disabled module candidates,263,9012,34109c874bfc7f2b598f0cc162c2b9d4229b758fcd12ee463ffc31c67f55acdb
Assets/Unloaded Modules/Realistic Diplomacy/RealDiplo_OHIGGINS_CIV4LeaderHeadInfos.xml,xml,Disabled module candidates,273,9335,1e37da12577b8ad4f280b7349147b188575b4c3adf92d5262ac7ecdc7649949e
Assets/Unloaded Modules/Realistic Diplomacy/RealDiplo_OSEI_CIV4LeaderHeadInfos.xml,xml,Disabled module candidates,273,9367,43394858e8ca73dfdfc421060e25c21ada804e0b20f58c00e3b0876261de4e69
Assets/Unloaded Modules/Realistic Diplomacy/RealDiplo_Ostenaco_CIV4LeaderHeadInfos.xml,xml,Disabled module candidates,273,9359,720e09adea62b5f1a93ddbf52b1e3ccc30de1c8aebcd54da5f1224bd0f14d4a5
Assets/Unloaded Modules/Realistic Diplomacy/RealDiplo_PEARSON_CIV4LeaderHeadInfos.xml,xml,Disabled module candidates,289,10669,fe65f3ccbf6c9db321793bba90c72fb2d244f82bc083734f7523dfcd4a66aaf3
Assets/Unloaded Modules/Realistic Diplomacy/RealDiplo_PEDRO_II_CIV4LeaderHeadInfos.xml,xml,Disabled module candidates,273,9367,301d23afcde472fe15ddea4a6df53ee3f270dbcadf20b7f8d48a916d6d7b3872
Assets/Unloaded Modules/Realistic Diplomacy/RealDiplo_PERON_CIV4LeaderHeadInfos.xml,xml,Disabled module candidates,281,9919,ab0cf9b9b4629cf69eb373da0705a1563360dbefeb1b71b360e3735ee65bc9a2
Assets/Unloaded Modules/Realistic Diplomacy/RealDiplo_PHILIP_II_CIV4LeaderHeadInfos.xml,xml,Disabled module candidates,273,9369,bf43d317ec988f8d3bcfb1bb655e0509cf7a12e9b00151a44cff9866a32667c2
Assets/Unloaded Modules/Realistic Diplomacy/RealDiplo_PIYE_CIV4LeaderHeadInfos.xml,xml,Disabled module candidates,273,9319,bae58d753dc2bdd32282e06f7f5312ce2815598c7e26319b32cbf95b210280f4
Assets/Unloaded Modules/Realistic Diplomacy/RealDiplo_PO_NGBE_CIV4LeaderHeadInfos.xml,xml,Disabled module candidates,273,9333,36d02f00c6f890e91337afdf649a8d83f43de2e8846190a231ef3503510582b8
Assets/Unloaded Modules/Realistic Diplomacy/RealDiplo_Pacal_CIV4LeaderHeadInfos.xml,xml,Disabled module candidates,276,9726,e76653a550744d725af0a8a1bc8c07e5cf8799b0f6d1be9f4b43560e548b997b
Assets/Unloaded Modules/Realistic Diplomacy/RealDiplo_Pachacuti_CIV4LeaderHeadInfos.xml,xml,Disabled module candidates,269,9357,8331dd97b6ca916fc8a758026850df439c17ff8761c8b2228a56b38327b6e521
Assets/Unloaded Modules/Realistic Diplomacy/RealDiplo_Pericles_CIV4LeaderHeadInfos.xml,xml,Disabled module candidates,276,9764,513c259da2781f4b1b54f1af1c4a6fc79d25d1179b44aa4fbf17829556880917
Assets/Unloaded Modules/Realistic Diplomacy/RealDiplo_Peter_CIV4LeaderHeadInfos.xml,xml,Disabled module candidates,284,10276,31a2ed83ba1c6c5abf097a7109053cf6a7dd807cd46ff8a5e0d6391e417d12ad
Assets/Unloaded Modules/Realistic Diplomacy/RealDiplo_PhilipII_CIV4LeaderHeadInfos.xml,xml,Disabled module candidates,277,9504,dae9bfd909479c1cde56f72ec901d8f7394149f8419e56a5d38affc027b30e12
Assets/Unloaded Modules/Realistic Diplomacy/RealDiplo_PoIPot_CIV4LeaderHeadInfos.xml,xml,Disabled module candidates,273,9343,9c752d39a7e90b0d86d271f3258c0e215d183104041eb3e024070cc5a2db42b8
Assets/Unloaded Modules/Realistic Diplomacy/RealDiplo_Putin_CIV4LeaderHeadInfos.xml,xml,Disabled module candidates,273,9480,90eb56db4d6478ea3a29e75dbe99876a8fcf7bd98269e1f69bcb976118c7d0e6
Assets/Unloaded Modules/Realistic Diplomacy/RealDiplo_QinShiHuang_CIV4LeaderHeadInfos.xml,xml,Disabled module candidates,276,9790,fd9c8a1a45e3a04adaf543b525b57e5d79133a7b606071a10da232e6c5a365f3
Assets/Unloaded Modules/Realistic Diplomacy/RealDiplo_RISHI_CIV4LeaderHeadInfos.xml,xml,Disabled module candidates,281,9871,c4516dff6b8e5472eb0805c459f29466350d46c3d2e2cf12f3af0ecb8ab4ca88
Assets/Unloaded Modules/Realistic Diplomacy/RealDiplo_ROBERT_I_CIV4LeaderHeadInfos.xml,xml,Disabled module candidates,267,9183,d55b94c32065b305eca014dd25c059b92f128dff525e56110ae170faf19aa270
Assets/Unloaded Modules/Realistic Diplomacy/RealDiplo_Ragnar_CIV4LeaderHeadInfos.xml,xml,Disabled module candidates,278,9782,6089d9bdacde32bf3810ee7fd32b99492d95ff222eed6338b6877642eeaf7232
Assets/Unloaded Modules/Realistic Diplomacy/RealDiplo_Ramesses_CIV4LeaderHeadInfos.xml,xml,Disabled module candidates,284,10362,4e4d7b555dcdb36eac7b5266a70d17706550365505ea6b4bb695a5c235fcc02c
Assets/Unloaded Modules/Realistic Diplomacy/RealDiplo_Ramkham_CIV4LeaderHeadInfos.xml,xml,Disabled module candidates,284,10249,f4a624ca98139a873ba0124219b583450d3f92e73456357712592a52a26b89e7
Assets/Unloaded Modules/Realistic Diplomacy/RealDiplo_Reagan_CIV4LeaderHeadInfos.xml,xml,Disabled module candidates,273,9482,4bb8b22d8533354fe9b5cd9498a5313e7bd8b4900bc04b38153edb330f3db9f2
Assets/Unloaded Modules/Realistic Diplomacy/RealDiplo_Richard_CIV4LeaderHeadInfos.xml,xml,Disabled module candidates,273,9357,06bbeefa8b76fe1ea88ccae90f054ca7782ff94ea19b60909e3a2fd9e7cb69e7
Assets/Unloaded Modules/Realistic Diplomacy/RealDiplo_Richelieu_CIV4LeaderHeadInfos.xml,xml,Disabled module candidates,273,9609,78dede274972509f9e2283467ecb8f422f4dcfa269c17d6f37729cde6a878451
Assets/Unloaded Modules/Realistic Diplomacy/RealDiplo_SALAMASINA_CIV4LeaderHeadInfos.xml,xml,Disabled module candidates,281,9938,4facd5c811da29a32d9bad54b2156dbf5151bc347a5adb0193890b78e34f0092
Assets/Unloaded Modules/Realistic Diplomacy/RealDiplo_SAN_MARTIN_CIV4LeaderHeadInfos.xml,xml,Disabled module candidates,281,9929,6991b8e771c1c49a2af7590d38e823d48496fe628aeb03e89522006e0d99d85c
Assets/Unloaded Modules/Realistic Diplomacy/RealDiplo_SATUR_CIV4LeaderHeadInfos.xml,xml,Disabled module candidates,281,9863,f7a41df29520648680ff2c2ef8209d11fa030ab0602a32219f829196152040a2
Assets/Unloaded Modules/Realistic Diplomacy/RealDiplo_SHAMBARA_CIV4LeaderHeadInfos.xml,xml,Disabled module candidates,273,9359,d5a31567aee507ede083fbda7384126b05ce7a416ee2142f3930d2fc992cb314
Assets/Unloaded Modules/Realistic Diplomacy/RealDiplo_SHAUSHTATAR_CIV4LeaderHeadInfos.xml,xml,Disabled module candidates,275,9433,f7282e23c946a59c1589fa97089a0fd88df4a75f239b04f2e9ada59ec4e4501b
Assets/Unloaded Modules/Realistic Diplomacy/RealDiplo_SIMEON_I_CIV4LeaderHeadInfos.xml,xml,Disabled module candidates,240,8111,308fa5cd6b3e5fbb1fbeb977d6224b0aa272240a864b5c9ec4f71075ca3e43dd
Assets/Unloaded Modules/Realistic Diplomacy/RealDiplo_SOBIESKI_CIV4LeaderHeadInfos.xml,xml,Disabled module candidates,273,9359,6069625c8f1e4058fe519aebd384b1676d3ccdc45613079df40f388e39fb1c28
Assets/Unloaded Modules/Realistic Diplomacy/RealDiplo_SONGTSEN_CIV4LeaderHeadInfos.xml,xml,Disabled module candidates,273,9359,53c638a41af88a5d0fb4b23e6e76398422209e2b412ec90ea2d661d099578131
Assets/Unloaded Modules/Realistic Diplomacy/RealDiplo_STAMBOLOV_CIV4LeaderHeadInfos.xml,xml,Disabled module candidates,273,9361,743381f9f5e3d74243041205efcb45ab1e2e4d0e96b62334109f79076489d96a
Assets/Unloaded Modules/Realistic Diplomacy/RealDiplo_STEPHEN_CIV4LeaderHeadInfos.xml,xml,Disabled module candidates,281,9899,f19ce38db8f21a67fcec0bcaa9d8784267425c2fa31c1629a609a132fc0946c2
Assets/Unloaded Modules/Realistic Diplomacy/RealDiplo_SVIATOSLAV_I_CIV4LeaderHeadInfos.xml,xml,Disabled module candidates,273,9399,9c883234f673f362d8c57af9b075cb377246963a9fa1d4c9a156ebd041a497d6
Assets/Unloaded Modules/Realistic Diplomacy/RealDiplo_Saladin_CIV4LeaderHeadInfos.xml,xml,Disabled module candidates,284,10312,c69dfbd6d630327bbe9d2a8864dae2e125274124b3ec588c6d6d4557567de7e0
Assets/Unloaded Modules/Realistic Diplomacy/RealDiplo_Sejong_CIV4LeaderHeadInfos.xml,xml,Disabled module candidates,274,9342,b186a0df892cc9447adf14b47e94fc8faf83a18fc655e7e62ad9651e15ce17bd
Assets/Unloaded Modules/Realistic Diplomacy/RealDiplo_Selassie_CIV4LeaderHeadInfos.xml,xml,Disabled module candidates,276,9740,97e4129365a1e9b9a35476131258a190594c95e3e9e4a44a6258468b3ac76de7
Assets/Unloaded Modules/Realistic Diplomacy/RealDiplo_Sennacherib_CIV4LeaderHeadInfos.xml,xml,Disabled module candidates,270,9313,ffcb418ceafd9298ab89a5bcbee7e0cf6f2c21ed7903a621c4f5e715d1cf3e65
Assets/Unloaded Modules/Realistic Diplomacy/RealDiplo_Shaka_CIV4LeaderHeadInfos.xml,xml,Disabled module candidates,277,9768,a8e10959dcda1be3ee74322c9c5ddd7efb9d8671344d60e941dce6cbd49d9787
Assets/Unloaded Modules/Realistic Diplomacy/RealDiplo_SittingBull_CIV4LeaderHeadInfos.xml,xml,Disabled module candidates,276,9764,30e1c27809142d071fa9fb91a3539fba91c67fdc7d8e2043696194ae83f0a448
Assets/Unloaded Modules/Realistic Diplomacy/RealDiplo_SmokeJaguar_CIV4LeaderHeadInfos.xml,xml,Disabled module candidates,274,9701,50eea9b39a574af4b707ddc436fed1879fe593103bb0b840ee3d44f363d1d2c1
Assets/Unloaded Modules/Realistic Diplomacy/RealDiplo_Stalin_CIV4LeaderHeadInfos.xml,xml,Disabled module candidates,284,10278,0a9b718b225fb8a29b54ba482f39fc3937c2a81418ce622eb40c1087033255b3
Assets/Unloaded Modules/Realistic Diplomacy/RealDiplo_Suleiman_CIV4LeaderHeadInfos.xml,xml,Disabled module candidates,278,9786,de35e4e6cf3eace0bbd92820ddb5595baa1281644edc405bc7adf2558ff72b9b
Assets/Unloaded Modules/Realistic Diplomacy/RealDiplo_Suppi_CIV4LeaderHeadInfos.xml,xml,Disabled module candidates,284,10356,10c69950a65dabc2eb10be5dad6fb68143c702e37fa8e5647832876e3b074e29
Assets/Unloaded Modules/Realistic Diplomacy/RealDiplo_Suryavarman_CIV4LeaderHeadInfos.xml,xml,Disabled module candidates,276,9794,03932a6c0adcd2180d2e0505a942796447305617a38745f9ff9c927ed82cc0b4
Assets/Unloaded Modules/Realistic Diplomacy/RealDiplo_TAHARQA_CIV4LeaderHeadInfos.xml,xml,Disabled module candidates,273,9357,cf2e495484bdc369018e3a39755a774947e59abb7e46b985d21b2498585a54b7
Assets/Unloaded Modules/Realistic Diplomacy/RealDiplo_TASHUNKEWITKO_CIV4LeaderHeadInfos.xml,xml,Disabled module candidates,281,9967,292730caced90ca0b5dd8eb63a001a0d35ad695fc20a6b251cc69bbbe4dfbf37
Assets/Unloaded Modules/Realistic Diplomacy/RealDiplo_TOMISLAV_CIV4LeaderHeadInfos.xml,xml,Disabled module candidates,281,9877,0f194e9eea26e02716264e2189369598d2e89e0a15ec0d65ebc29f803bd54f0b
Assets/Unloaded Modules/Realistic Diplomacy/RealDiplo_TOPILTZIN_CIV4LeaderHeadInfos.xml,xml,Disabled module candidates,273,9361,7358b025666d39dbeb4be80c87967f826cbe48d753ec98521204fb8d6ab251e2
Assets/Unloaded Modules/Realistic Diplomacy/RealDiplo_TOQUI_LAUTARO_CIV4LeaderHeadInfos.xml,xml,Disabled module candidates,248,8632,34059d30a6de4f3fa04471adc3230cdcb2e2d2836d799687b415c3db395982e2
Assets/Unloaded Modules/Realistic Diplomacy/RealDiplo_TRUDEAU_CIV4LeaderHeadInfos.xml,xml,Disabled module candidates,273,9349,da05f99a60163c868c69b7dc83ab1c198837feccc51ce32711eda70769bad785
Assets/Unloaded Modules/Realistic Diplomacy/RealDiplo_TRUNG_CIV4LeaderHeadInfos.xml,xml,Disabled module candidates,273,9361,362a63d6e0d7e148f824e07055ec58319302374654e41ccbecb3f269c46d5315
Assets/Unloaded Modules/Realistic Diplomacy/RealDiplo_TYMOSHENKO_CIV4LeaderHeadInfos.xml,xml,Disabled module candidates,273,9371,748c69776844ae32b1dd6a65768f5f70ece84041e21e42bf4b7eb72467972b0b
Assets/Unloaded Modules/Realistic Diplomacy/RealDiplo_Teuta_CIV4LeaderHeadInfos.xml,xml,Disabled module candidates,273,9326,7ec367baf62b0eb1d3a7a3ce13990fcb183d4d21276af1ff7ab7ba8e956d1b32
Assets/Unloaded Modules/Realistic Diplomacy/RealDiplo_Tokugawa_CIV4LeaderHeadInfos.xml,xml,Disabled module candidates,278,9900,50303a507377a8b1d632ce749f364b84b7889c183ca019857a910cdbf977669a
Assets/Unloaded Modules/Realistic Diplomacy/RealDiplo_VITTORIO_EMANUELE_II_CIV4LeaderHeadInfos.xml,xml,Disabled module candidates,281,10069,8223e22a40f69425484f3df21832dacde50f0b451c405c7736bca9090c25caf6
Assets/Unloaded Modules/Realistic Diplomacy/RealDiplo_VLAD_CIV4LeaderHeadInfos.xml,xml,Disabled module candidates,275,9493,0d14653d61ea3d1444b8536e7b92b270b070cb661dab8462de095f573146ad5e
Assets/Unloaded Modules/Realistic Diplomacy/RealDiplo_Vercingetorix_CIV4LeaderHeadInfos.xml,xml,Disabled module candidates,267,9181,fef9c9458f5a406b62efc28a514c4b536fc732522f0260f7fe99b71fabb9226f
Assets/Unloaded Modules/Realistic Diplomacy/RealDiplo_Victoria_CIV4LeaderHeadInfos.xml,xml,Disabled module candidates,276,9756,ec48b79febe6c75a0cdd694a1f3a4296e5904aca04fde5630f6502ea47630572
Assets/Unloaded Modules/Realistic Diplomacy/RealDiplo_WALESA_CIV4LeaderHeadInfos.xml,xml,Disabled module candidates,281,9873,00d7fa3db9729ade084fe21b2aeb5bb50d76a2316a42da36985b6b59eaaaa5c2
Assets/Unloaded Modules/Realistic Diplomacy/RealDiplo_WOVOKA_CIV4LeaderHeadInfos.xml,xml,Disabled module candidates,273,9355,5891984837a7a7c9f760009081ce4a68767a2051c6ea3bef75d71513e1dfcf9e
Assets/Unloaded Modules/Realistic Diplomacy/RealDiplo_Wangkon_CIV4LeaderHeadInfos.xml,xml,Disabled module candidates,277,9788,c28eca5c1b42db76ac13c6e59ba22729fae6a107d9de3b9f663f6a0cc3a943f6
Assets/Unloaded Modules/Realistic Diplomacy/RealDiplo_Washington_CIV4LeaderHeadInfos.xml,xml,Disabled module candidates,283,10258,aba73b44e0eb272dd8a708cd3ccac3ae53971676152be8e3ebd694054a7d9aba
Assets/Unloaded Modules/Realistic Diplomacy/RealDiplo_Wilhelmina_CIV4LeaderHeadInfos.xml,xml,Disabled module candidates,276,9557,178f23b388c9a16b64522fe6fad2d6c91acfc138b64ceb6e3aa8ec21af24c6de
Assets/Unloaded Modules/Realistic Diplomacy/RealDiplo_WillemVanOranje_CIV4LeaderHeadInfos.xml,xml,Disabled module candidates,276,9846,eaf6f14406a5ae516a3509d0a9ba8c68b8132f09314905f4e69d7f479812bab1
Assets/Unloaded Modules/Realistic Diplomacy/RealDiplo_Wu_CIV4LeaderHeadInfos.xml,xml,Disabled module candidates,273,9355,92ba4445f9890b90d7711060e54ec8f62f8f097223fbf9e1f2981759f3032d26
Assets/Unloaded Modules/Realistic Diplomacy/RealDiplo_Xerxes_CIV4LeaderHeadInfos.xml,xml,Disabled module candidates,273,9363,6bfd292c8ec61631b0650569612a2684663123f0da4a4dd8213b2f7fad3f600f
Assets/Unloaded Modules/Realistic Diplomacy/RealDiplo_YUSHCHENKO_CIV4LeaderHeadInfos.xml,xml,Disabled module candidates,273,9371,1567c987daa5ccf4dfbb6a96941d8e1fc63e9042977dd78c01608e0299766bbe
Assets/Unloaded Modules/Realistic Diplomacy/RealDiplo_Yagan_CIV4LeaderHeadInfos.xml,xml,Disabled module candidates,273,9327,79cf808842c00d095ce4c928d9c12474038b52a7f9c385a71cf80360b286543c
Assets/Unloaded Modules/Realistic Diplomacy/RealDiplo_Yunupingu_CIV4LeaderHeadInfos.xml,xml,Disabled module candidates,273,9368,8595f6d9b64a1921df2cc82a2ae47ef83ff847e23b4117a1dfffb70b9be74e7d
Assets/Unloaded Modules/Realistic Diplomacy/RealDiplo_ZIEBEL_CIV4LeaderHeadInfos.xml,xml,Disabled module candidates,273,9339,06676fe0f79eaf8788e727552710d5328d3229c7ceea77fdd4b9eb6558f3e977
Assets/Unloaded Modules/Realistic Diplomacy/RealDiplo_ZaraYaqob_CIV4LeaderHeadInfos.xml,xml,Disabled module candidates,276,9776,bfb658d9a7f9baf3f2cbbfb6c558817b5cf0fca1a83dcba04d75e3fb176f52b2
Assets/Unloaded Modules/Realistic Diplomacy/RealDiplo_deWitt_CIV4LeaderHeadInfos.xml,xml,Disabled module candidates,273,9355,efa51d027b74b3d5948c6ee7372f9ba5ab7af5313f90b8573bef92c5c6af6e3c
Assets/Unloaded Modules/Static/CIV4ModularLoadingControlsSchema.xml,xml,Disabled module candidates,30,1305,cda76dade0a6c37a9449f0f288d92057a5c97daff222366bb72ec7cb43c60470
Assets/Unloaded Modules/Static/Leaders/Static_CIV4ArtDefinesSchema.xml,xml,Disabled module candidates,427,19020,ed610eda5cb549511ffcca989c7cb07b6a2672b5ec78b9fc1378389498326d6b
Assets/Unloaded Modules/Static/Leaders/Static_CIV4ArtDefines_Leaderhead.xml,xml,Disabled module candidates,434,26635,37e83e1cb786b816aa4bbe43875eeac537092dd63e3371a2d1b8eb3684aad680
Assets/Unloaded Modules/Static/MLF_CIV4ModularLoadingControls.xml,xml,Disabled module candidates,19,613,0685fa35b627edb9fc03d3957aab63636f82d4c2557ac5db1b0a3a5399cfd191
Assets/XML/Art/CIV4ArtDefinesSchema.xml,xml,"Base rules, text and assets",427,19020,ed610eda5cb549511ffcca989c7cb07b6a2672b5ec78b9fc1378389498326d6b
Assets/XML/Art/CIV4ArtDefines_Bonus.xml,xml,"Base rules, text and assets",661,28072,67d3e7a4a2d9857c76f0b4997c3f13ab7b5e708f3c9d6ec86f3d3f6db0487d81
Assets/XML/Art/CIV4ArtDefines_Building.xml,xml,"Base rules, text and assets",3862,157639,73bff8f25b6c4dfeb1ad05a39cffb0da13ca770302861cc2e09f79d95f8bb187
Assets/XML/Art/CIV4ArtDefines_Civilization.xml,xml,"Base rules, text and assets",256,13159,aec07c5fd7430fc706dbc4c7615945ce528eb910bffb6d7bb860077e20be8acb
Assets/XML/Art/CIV4ArtDefines_Feature.xml,xml,"Base rules, text and assets",970,39525,4da70d4f465121ca30ece3a0ad9b81648eb486db4802d7f64e82271b7f8feeff
Assets/XML/Art/CIV4ArtDefines_Improvement.xml,xml,"Base rules, text and assets",497,23786,0764be146babc392f8c0f1e9d7fc60de84bca3c8bad34e6e392f8aa471337f00
Assets/XML/Art/CIV4ArtDefines_Interface.xml,xml,"Base rules, text and assets",1693,61782,378aeb04e9fa5243b90f9f48852f06e30accb3b05f2f32df27ea4acc65e970f8
Assets/XML/Art/CIV4ArtDefines_Leaderhead.xml,xml,"Base rules, text and assets",490,29860,2ea917835b606947b86f85f2546f07cc7a53448c2c33ab80193c07c5c0b4859e
Assets/XML/Art/CIV4ArtDefines_Misc.xml,xml,"Base rules, text and assets",348,10030,f85f157b255cf9e7b9a7acb6fbfa09a6f9143aa49f8637e8fc414ec2e30c53c9
Assets/XML/Art/CIV4ArtDefines_Movie.xml,xml,"Base rules, text and assets",427,14199,ba1740272cfa94d79224dd8e24714ba2e1250ed1fa516d8663f3b7419d32784f
Assets/XML/Art/CIV4ArtDefines_Terrain.xml,xml,"Base rules, text and assets",250,12701,3f2b5c01687a70f9790612fff318d1105380cbbc6c0a046c3f1d18ae60ede499
Assets/XML/Art/CIV4ArtDefines_Unit.xml,xml,"Base rules, text and assets",20590,828727,8a27d81e4210413fe16e1ce8b8118db4332d05c469beccf651569164d43b8f06
Assets/XML/Art/CIV4MainMenus.xml,xml,"Base rules, text and assets",55,2259,26490cd462d34c10910bc89b226a1a6a2f181d509e3b30a972a50f63d7d54012
Assets/XML/Art/CIV4RouteModelInfos.xml,xml,"Base rules, text and assets",6310,270427,556b58dd862fcbf44cd063448eff972a6aabcf6a43a5d7ea2d76d9354f8f4815
Assets/XML/Audio/Audio2DScripts.xml,xml,"Base rules, text and assets",24688,876853,0a2fd91c21f7929d15ce2d40de33bb755c51b53858d290f84081c005f5632e65
Assets/XML/Audio/Audio3DScripts.xml,xml,"Base rules, text and assets",23701,944637,c0dde2ccfbdd526777782a8fc4c526f6fcb350cb58b291138138394f7f143669
Assets/XML/Audio/AudioDefines.xml,xml,"Base rules, text and assets",12163,405447,0550b8606938783e520fdde7228b61a3bdb913263bb6597116580da6183d52fd
Assets/XML/Audio/AudioDefinesSchema.xml,xml,"Base rules, text and assets",104,4852,b0053cc5812295fd12a8ce10f000d3ee68ca6612f8b7d437f5cf101785e7f95d
Assets/XML/Audio/AudioScriptSchema.xml,xml,"Base rules, text and assets",110,5028,9d5260d6703ebe8c7018d1a675632df1fe57594f439d9754f65ed8151b24682d
Assets/XML/Audio/AudioSoundscapeScripts.xml,xml,"Base rules, text and assets",444,13989,182f03843838a922deff013b1559503c71f54c8a41c3acd073bb88861aa44798
Assets/XML/BBAI_AI_Variables_GlobalDefines.xml,xml,"Base rules, text and assets",50,2358,acac201ede56218562c1f2a2600735b5b5c9f568583a68614ec676bf13817a2b
Assets/XML/BBAI_Game_Options_GlobalDefines.xml,xml,"Base rules, text and assets",62,2699,edd9cd8057d54ffaab9a13cdf4a95b109e8f153ed2f2e27a0f2332c0d95f907c
Assets/XML/BasicInfos/CIV4BasicInfoSchema.xml,xml,"Base rules, text and assets",236,9841,694d21962538c91a12c94dbad218c464df2c6811edf1824cda34a2443459f3d3
Assets/XML/BasicInfos/CIV4DCMConceptInfos.xml,xml,"Base rules, text and assets",280,12628,7744d7dbf5ee3602b9c9fd949d3cb938ab02eeff9043ed2b910db3ad94599cf2
Assets/XML/BasicInfos/CIV4InvisibleInfos.xml,xml,"Base rules, text and assets",22,766,96f04bf1a6aa273171ea08dfd8a8f0edfb36d2176fd339e6aad216029aff34ca
Assets/XML/BasicInfos/CIV4MemoryInfos.xml,xml,"Base rules, text and assets",150,5239,2ec013bbd053ed22f230793023e0bc74ee72180b47f57316e6bc5fb5ebfaba63
Assets/XML/BasicInfos/CIV4NewConceptInfos.xml,xml,"Base rules, text and assets",475,19373,862ddb38f142321445a6801aef79533e8b7d0c3c9da019b7292c42c834157570
Assets/XML/BasicInfos/CIV4UnitCombatInfos.xml,xml,"Base rules, text and assets",175,8379,d0d71d247d9facfeb6dff73389ab9ac588d10f306d3e92e75bc38761e74c25bc
Assets/XML/BasicInfos/README_CIV4AttitudeInfos.xml,xml,"Base rules, text and assets",8,520,e97f5fa0e277caf07aa4ef96bd9fee2d5cd2eec17e10fd7b8feb159fbf6baeea
Assets/XML/BasicInfos/README_CIV4CalendarInfos.xml,xml,"Base rules, text and assets",8,520,1c3837b797cf388d121ed45c84043fa4e392e8a96a2c5b8fe49806ef65c049db
Assets/XML/BasicInfos/README_CIV4CityTabInfos.xml,xml,"Base rules, text and assets",8,515,590f424027604f0571e94978c6c126c7c1758ed5fb3a2f2b5a312829e96001e4
Assets/XML/BasicInfos/README_CIV4DenialInfos.xml,xml,"Base rules, text and assets",8,510,c2c17bdad0ce6b7ead31f38707e2221c36a69bd21620151b2eb2c5ce12fec442
Assets/XML/BasicInfos/README_CIV4DomainInfos.xml,xml,"Base rules, text and assets",8,510,2bc220da2c7bf05b57aa62b27fa90d7272701ae41efd750b258ef25b01106bd4
Assets/XML/BasicInfos/README_CIV4MemoryInfos.xml,xml,"Base rules, text and assets",154,5418,b7f7d7d9040a7b6536d81238992de111bce530de886d5c23f47c1b3552ccd77e
Assets/XML/BasicInfos/README_CIV4UnitAIInfos.xml,xml,"Base rules, text and assets",190,5741,a4e2ed279cc83ed10e375298c47184d4da71e03b29d487c8808fe27e73f99d8e
Assets/XML/Buildings/CIV4BuildingClassInfos.xml,xml,"Base rules, text and assets",4443,183578,e4f6d5e2bdffd923a84daafbde9f94370a10831eefd253d26c45254262e53e3c
Assets/XML/Buildings/CIV4BuildingInfos.xml,xml,"Base rules, text and assets",73184,2780858,b657bb9ab0191beabc1eff86cc75fc08d1f87761c1545b575e20e937fe677f60
Assets/XML/Buildings/CIV4BuildingsSchema.xml,xml,"Base rules, text and assets",640,33682,1e8c76f49931d9a4a4a34c908ca5a4843cf94bcb585fd94e5613478dbaaa505c
Assets/XML/Buildings/CIV4PlotLSystem.xml,xml,"Base rules, text and assets",17394,1013975,e82c66f86a4b40cf1630d7a9952930c034e8d1626579425abb3fdc21bd4644bc
Assets/XML/Buildings/CIV4SpecialBuildingInfos.xml,xml,"Base rules, text and assets",125,5071,4789c9a4a5ac67d5e747cdef796b58ef9bd6553f4aeb656d33e6d54cf58d8c0b
Assets/XML/Buildings/Civ4CityLSystem.xml,xml,"Base rules, text and assets",10893,524902,d87ce3f7cd72eeff610d9f244f73503b4ac68e9dabf8a5d33234fc320821686d
Assets/XML/CIV4GlobalDefinesSchema.xml,xml,"Base rules, text and assets",26,1222,c0b4db15faa1bc52fcb4e9b45e84e2974852298b2fdcde9022c39f6b09acb7cc
Assets/XML/Civilizations/CIV4CivilizationInfos.xml,xml,"Base rules, text and assets",10463,360627,0b8b27667287e5a21c87fdbf5fee8836273b32cbb1fcc32b0655a79267ed8b89
Assets/XML/Civilizations/CIV4CivilizationsSchema.xml,xml,"Base rules, text and assets",570,31009,7b83ac9134397e57900347408a11c5dff0db5a6036f07f69c7bba86aab7dd543
Assets/XML/Civilizations/CIV4LeaderHeadInfos.xml,xml,"Base rules, text and assets",34805,1377396,44424871a48331db66e36d66d61f5ba5ba2d554908de6436dc098a4406f71015
Assets/XML/Civilizations/CIV4TraitInfos.xml,xml,"Base rules, text and assets",731,32507,c69d3d9c0629dd57249a76b26196d38d107299baf2c58b33c3566b5701697217
Assets/XML/Civilizations/CIV4UnitArtStyleTypeInfos.xml,xml,"Base rules, text and assets",2433,110807,6c5873c66c7d438fd49545b574c7e56f23b6d3c0a42bd23758c0c3a7266a4b14
Assets/XML/Events/CIV4EventInfos.xml,xml,"Base rules, text and assets",43570,1480410,6c16f4029cb527f4a21de0b78c822e12c24684db6000ca93294096f7b3c5a4c9
Assets/XML/Events/CIV4EventSchema.xml,xml,"Base rules, text and assets",456,23617,49396906e19ede6daf6555a3509e9dd03c3c6c180bbab650b456c48a6944a917
Assets/XML/Events/CIV4EventTriggerInfos.xml,xml,"Base rules, text and assets",27282,942887,7564185720a42f6b7b7790961c1c44f7980e6dbaec60d8f38b75e1a411306a77
Assets/XML/GameInfo/CIV4CivicInfos.xml,xml,"Base rules, text and assets",7382,313823,810b21d58e63cd59e4e26ce35c8eddca3f992e6d78a129dbdacba2f02a1bc9f6
Assets/XML/GameInfo/CIV4CivicOptionInfos.xml,xml,"Base rules, text and assets",50,1687,c0b46fcded40e33d094202c210d6116b142465ab1e056882378b3fdebb2c2903
Assets/XML/GameInfo/CIV4CommerceInfo.xml,xml,"Base rules, text and assets",46,1889,f3ea7685ef120128ffd71973aa5c38ef2304c9e0ff501e553158eac2115e926d
Assets/XML/GameInfo/CIV4CorporationInfo.xml,xml,"Base rules, text and assets",260,9999,0110a4823560e2b877e1964386232002db2310f994c9bdba5f1522f20f92f49f
Assets/XML/GameInfo/CIV4CultureLevelInfo.xml,xml,"Base rules, text and assets",227,7664,174831ce4de01b4633ffd5461145864d1425779ba087188e2e0ed36f854580f3
Assets/XML/GameInfo/CIV4DiplomacyInfos.xml,xml,"Base rules, text and assets",9881,279257,1dd44c7d6b219f4cccdeb67ffad81a778e2b6a135eaa8476104f6932b8774252
Assets/XML/GameInfo/CIV4EraInfos.xml,xml,"Base rules, text and assets",571,27970,f7135498c15c5033d0ec6f3fe0f5ae956b8373370223413cfe69a43536b08a69
Assets/XML/GameInfo/CIV4EspionageMissionInfo.xml,xml,"Base rules, text and assets",710,33835,fa18f1a90e29c85e73aa5631a4e2284fa23d3b722c9dd3de20e291d266a1f063
Assets/XML/GameInfo/CIV4GameInfoSchema.xml,xml,"Base rules, text and assets",1573,82111,70aad1b2ae2cb1057a32c807a71a0b14cd545e92b304f5bcbf64fb8dc3e7ed17
Assets/XML/GameInfo/CIV4GameOptionInfos.xml,xml,"Base rules, text and assets",235,10666,0ba03285b60fad3139ba73ed0ee05f58cb16d49d6dc85693982e08737d18b9ab
Assets/XML/GameInfo/CIV4GameSpeedInfo.xml,xml,"Base rules, text and assets",405,15487,27719d5cd6299a5aebfb008955fc40179bab6687f205a9a84c1a2272c015d57e
Assets/XML/GameInfo/CIV4HandicapInfo.xml,xml,"Base rules, text and assets",856,39323,8c237df5b121782a14b195cd67f6f4de13ba154d9b9dae774e4ca945d57fdc19
Assets/XML/GameInfo/CIV4Hints.xml,xml,"Base rules, text and assets",945,25603,e545e0f276dfa8e90449e93b329b839014813e945eba54115adcc2ae5212925f
Assets/XML/GameInfo/CIV4ProcessInfo.xml,xml,"Base rules, text and assets",46,2071,315baf9d940b8fe199df6bd0c3e3a0f56e72061d4af2872e80a6aee7034dec63
Assets/XML/GameInfo/CIV4ProjectInfo.xml,xml,"Base rules, text and assets",615,24551,ff6b705a3c5adc366cf2255a8383eb470a19c50b34aefc6f156ab8fd221fe96d
Assets/XML/GameInfo/CIV4ReligionInfo.xml,xml,"Base rules, text and assets",522,24268,eb4a5c3e526eab2f11809d4fa9263dc906c0c78e71c3805f437b0f8d7d797015
Assets/XML/GameInfo/CIV4SpecialistInfos.xml,xml,"Base rules, text and assets",522,18262,d7fc8f7b5b46ff18e1e3f78b107ff0368735237fd3da40868c520f84da554a76
Assets/XML/GameInfo/CIV4VictoryInfo.xml,xml,"Base rules, text and assets",181,6950,6604da2eedf14e7c5241e88086c434e026276ce85f15c8a33e7c82d49fa6acac
Assets/XML/GameInfo/CIV4VoteInfo.xml,xml,"Base rules, text and assets",661,21018,c8fa437266998d953cb4c5a3d4860dbfffb03b041c37b6e18feaa2ed92a70f67
Assets/XML/GameInfo/CIV4WorldInfo.xml,xml,"Base rules, text and assets",203,9779,57a56000648fda94d35b844a70ef8875c7fbc4bfed0ff9f2523e1beaa392694b
Assets/XML/GameInfo/README_CIV4PlayerOptionInfos.xml,xml,"Base rules, text and assets",8,540,c9d8601e0030a9345146ba437e18e78ff6fa11a10869c9462d3e2f16ab2dcf08
Assets/XML/GlobalDefines.xml,xml,"Base rules, text and assets",1669,49694,906bd13d34c79520a6c47d71bff1413aa243efb1baf9756fccb8340b11b5bf0f
Assets/XML/GlobalDefinesAlt.xml,xml,"Base rules, text and assets",869,25690,36ea3d3f0476d7688444054770964a282951c172d584fe4d81dc2146b8d4e83e
Assets/XML/GlobalTypes.xml,xml,"Base rules, text and assets",285,13427,2e8b44036c058525d1d6659da472a2642466987a2f5e24efa0520fcd9dbf1b62
Assets/XML/Interface/CIV4ColorVals.xml,xml,"Base rules, text and assets",2404,57447,371dc468180fac21228f69d193db600cb3fab7783e8f644f227a37b6d4c1bc2b
Assets/XML/Interface/CIV4InterfaceModeInfos.xml,xml,"Base rules, text and assets",588,22013,3c33f2c03c0e72ca45b800974907b9594ab4d5db70fd89cc77307cf4fb4e71eb
Assets/XML/Interface/CIV4InterfaceSchema.xml,xml,"Base rules, text and assets",280,13061,6f86e8f2b97c8cc79258b6f26f6e6c589d566202bcf05deea0f6abee4201eb59
Assets/XML/Interface/CIV4PlayerColorInfos.xml,xml,"Base rules, text and assets",304,13759,373949e834d3b58cc36971656c4116d2a24a37c6a2c10507959f9368cb07b86c
Assets/XML/Interface/CIV4WorldPickerInfos.xml,xml,"Base rules, text and assets",894,50005,5afc1b77a9d0e84aea9c4123f4e41fd14862004f4b8936ee05baba8b5cad854b
Assets/XML/LeadFromBehind_GlobalDefines.xml,xml,"Base rules, text and assets",40,1117,857121865fcda196fb43752c65fea9aab862b391555c8929ad0e43e735742edc
Assets/XML/Misc/CIV4EffectInfos.xml,xml,"Base rules, text and assets",2674,102228,b1b8d62c94bb906dce1d1ccb55552e08335bef0a6a61192390b7f4aabdafe5bf
Assets/XML/Misc/CIV4MiscSchema.xml,xml,"Base rules, text and assets",456,20996,6edd8327c4fc449f2fa285bf883dcbc289785d131faf17b083542c3743266151
Assets/XML/Misc/CIV4RouteInfos.xml,xml,"Base rules, text and assets",172,5779,5a544f31814b8bdc3b254ca692fc9ebb36596abe07ca0318904d0144b84720f5
Assets/XML/Misc/CIV4TutorialSchema.xml,xml,"Base rules, text and assets",59,2945,f971f14a3c004ba7936824e99ef467852b828e848b85816a0b609679626eae21
Assets/XML/PythonCallbackDefines.xml,xml,"Base rules, text and assets",169,4936,5740bd5ffb8643621952d9d5c552e6f463d7c3c120dbd24db969867136589ac9
Assets/XML/TechDiffusion_GlobalDefines.xml,xml,"Base rules, text and assets",44,2279,a8851d19152a1136434bc735ac4a9f15705e7d08d4ca43e1ee1768fa7d414011
Assets/XML/Technologies/CIV4TechInfos.xml,xml,"Base rules, text and assets",22885,774003,7221869d0cb7889e779e706e030cb00d5161f858610252392ebd99c717297d64
Assets/XML/Technologies/CIV4TechnologiesSchema.xml,xml,"Base rules, text and assets",176,9135,2d361a60607d6917e9ac52b52aa703d87a96d4c91bacf8aae37661124b6d35a7
Assets/XML/Terrain/CIV4BonusClassInfos.xml,xml,"Base rules, text and assets",54,1471,ed52347f9443cae12d29ee576dfb8d2682e3ff77766370093f0ff14a8aab56c6
Assets/XML/Terrain/CIV4BonusInfos.xml,xml,"Base rules, text and assets",4156,134214,3430364b9493722a1a6b2b5de507d142e8d6eec3e3686c75ce67a6ecc551a0e3
Assets/XML/Terrain/CIV4FeatureInfos.xml,xml,"Base rules, text and assets",1002,37664,a27bcce3d2beef0211108059f8ec758c50affe650f7f4e0bda464d39bb84b0f1
Assets/XML/Terrain/CIV4ImprovementInfos.xml,xml,"Base rules, text and assets",6334,210860,59443118a0b68dac1046b2f46f52625a5002b04361d56d7b96d111d21d14c974
Assets/XML/Terrain/CIV4TerrainInfos.xml,xml,"Base rules, text and assets",1532,62317,f498ae4d291cc3b08084554e235ebb6254ec8d30d5916b883c79e3df330fd50e
Assets/XML/Terrain/CIV4TerrainSchema.xml,xml,"Base rules, text and assets",556,28169,db5aaeddd9d8310b2e044152aa70495bd2acb85edeb71eebddd37eed1b6688b3
Assets/XML/Terrain/CIV4YieldInfos.xml,xml,"Base rules, text and assets",78,3328,c146a064fe8d727704624b40245b88ef66aa860e92bcdedb82590af46bb83638
Assets/XML/Text/AIAutoPlay_CIV4GameText.xml,xml,"Base rules, text and assets",371,21526,e8507f07612c7ffda31dfb5354a677942b485f070e79c0ecb3726d396859a0d6
Assets/XML/Text/Abandon_City_CIV4GameText.xml,xml,"Base rules, text and assets",80,2756,ee2069afeade64987b298582ce4d777b75de8636355ea93350089864c61f35e8
Assets/XML/Text/Advanced Combat Odds Options.xml,xml,"Base rules, text and assets",589,33062,bac964f1a6b35c5a66ae295bf519a47241edd47277d625a06b56b6ede0f09611
Assets/XML/Text/Advanced Scoreboard Options.xml,xml,"Base rules, text and assets",849,65837,e3809ff0172d341cff48edcae24775705df1bc7139a82f13bfc5a989f08014fa
Assets/XML/Text/AdvancedCombatOdds_CIV4GameText.xml,xml,"Base rules, text and assets",330,14832,ed1363492b2e0f8f285ef7369fdb7ac6af580d8370c4f9b385bfe2a59ad1cae5
Assets/XML/Text/AutoSave Options.xml,xml,"Base rules, text and assets",121,7544,7bff02a36b9b9e930f5758639d20db911828c844a477ab86d2528063b935f568
Assets/XML/Text/Autolog Options.xml,xml,"Base rules, text and assets",1171,56621,3fb7dd694f4c4969c986f9554f08bc8daa9038bbd9389f25747d4a6969a357df
Assets/XML/Text/Autolog_CIV4GameText.xml,xml,"Base rules, text and assets",1747,67802,0881e6296c3d76918fc633cd58750deed857db6807bb5f65a4569edf594432e7
Assets/XML/Text/BUFFY Options.xml,xml,"Base rules, text and assets",64,3128,dde822724a844ea1d0971ee4272f95ad46a804334e15cd5ab42434e686772582
Assets/XML/Text/BUFFY_CIV4GameText.xml,xml,"Base rules, text and assets",188,14198,cca82fb815e49fa3e7c5432487f4673476c2842ed276a46d1b63319ae8c59527
Assets/XML/Text/BUG Advisors Options.xml,xml,"Base rules, text and assets",411,22032,8b1407e48721999f1128073e77d7708acccdb91992a65c3f3b8c9f699f7c0542
Assets/XML/Text/BUG City Screen Options.xml,xml,"Base rules, text and assets",435,35781,ace80b06ca1ef642f0d0c6d9aced36a0aa6bdfad6760da2a3f1a838b6a79a5a6
Assets/XML/Text/BUG Core Options.xml,xml,"Base rules, text and assets",177,9431,fc926b1ca99b15d8b6df6f446773d7139aeb70f27875af7a54d5f6d9eace54e4
Assets/XML/Text/BUG Main Interface Options.xml,xml,"Base rules, text and assets",337,21093,8a4f64b15bd4659a4f424f1b75c4c150391623e9a06db9a65f0ee1327f888e08
Assets/XML/Text/BUG Options Screen.xml,xml,"Base rules, text and assets",841,26546,6131b0f98b138dcdffa8f380844e5f3f8b984f3aa386f853403c8d8d8b63cc07
Assets/XML/Text/BUGHints_CIV4GameText.xml,xml,"Base rules, text and assets",411,36196,72aa14facb390a533432f69793dbb394fb5abbb9bac9f85675a4eebbbac0d50d
Assets/XML/Text/BUGOptions_CIV4GameText.xml,xml,"Base rules, text and assets",1234,35391,f97cdda286c8c954819da4f07d7c0325b2a192effe41d6abeab37a917b9761f0
Assets/XML/Text/BUGOptions_RevDCMGameText.xml,xml,"Base rules, text and assets",442,29349,6ceacb9cff1f128ff264a181946f4d6bbbed6a46c0485a9eba6c56eb1728adb6
Assets/XML/Text/BUGOptions_RevoultionGameText.xml,xml,"Base rules, text and assets",479,31737,8b588309a2918ad281ba7cca612c78f9c5e017e8f7377fb8991715d146297120
Assets/XML/Text/BUGOptions_RoMGameText.xml,xml,"Base rules, text and assets",819,43499,90f4d9dfc191faa86607fdb51cc6dbf960dc6c483bac774cfdf14742b3cee101
Assets/XML/Text/BUG_CIV4GameText.xml,xml,"Base rules, text and assets",2654,87353,a04e1373707d549c5e528d788509f354a261a66a7586cb99703ac2e3d862196d
Assets/XML/Text/BULL Actions Options.xml,xml,"Base rules, text and assets",179,11175,98102f038adfd6c4d1b551e2326a5cf59e6bb66c443a3df859672ff634f8f7bf
Assets/XML/Text/BULL City Bar Options.xml,xml,"Base rules, text and assets",580,31218,4b376e8f172ba2d1c1e8d4c74d3b0855f29778a378048e3e16342e69c5956441
Assets/XML/Text/BULL Misc Hovers Options.xml,xml,"Base rules, text and assets",746,44860,df9f10bdbf37856caeecffcca668d69e946fdf3195310296fcd6a9dbc0b33fa6
Assets/XML/Text/BULL_CIV4GameText.xml,xml,"Base rules, text and assets",1390,62696,b243b67d4753921bb994daf29a65e58bd927819f2afe2ba954fe7455575161ba
Assets/XML/Text/BarbarianCiv_CIV4GameText.xml,xml,"Base rules, text and assets",203,9050,7a3e91c71e04fef6470a8fefa31d07a1e98c017f1ab2fc266e42758bc5b0897e
Assets/XML/Text/Better Espionage Options.xml,xml,"Base rules, text and assets",189,10921,7c7088111833259a8add9342fc9125720e4e3f9dc0034c3c265659a08c402618
Assets/XML/Text/CIV4DiplomacyText.xml,xml,"Base rules, text and assets",10762,573565,a73449b6422d81c199987b861e6247ae135c30be989b8824a5c5f2dfb0630008
Assets/XML/Text/CIV4GameTextChanged_BTS.xml,xml,"Base rules, text and assets",1092,189970,d387691bddf7c29010a9e7dac3d287e51e75b73cdec38da697898f649a4ca672
Assets/XML/Text/CIV4GameTextInfos_ACO.xml,xml,"Base rules, text and assets",36,1198,b1f18ad9f4698c1a44950be9a1c7c70622861da7a5f5db0e54d6d42905f5ca69
Assets/XML/Text/CIV4GameText_BetterBTSAI.xml,xml,"Base rules, text and assets",22,992,b80e674a867969d72790bd16ef24b3ef7a61747116bae9a29a5706b808370d5d
Assets/XML/Text/CIV4GameText_Events_AMM.xml,xml,"Base rules, text and assets",2467,133673,d87b51c044e7b8030fd5e5f3352d12c0efc26fd6ced8c7901029c0721d8e9821
Assets/XML/Text/CIV4GameText_ExamineCity.xml,xml,"Base rules, text and assets",23,840,3f44c8ab183bf8a3fb5f8c50d62b8d9c5b300710b37e2c6c380dd0385be9a807
Assets/XML/Text/CIV4GameText_OperationalGenerals.xml,xml,"Base rules, text and assets",34,1383,0163eb04ace03a0cae0c5fd25d59014afd3249ff87417494f52990e0eb0ae1d4
Assets/XML/Text/CIV4GameText_RevDCM.xml,xml,"Base rules, text and assets",62,4063,8875447410d4d39d6da482d8c79cfc9c2a4de29c3b089477e3e299484747cea0
Assets/XML/Text/CIV4GameText_SHAM.xml,xml,"Base rules, text and assets",91,4067,ddc2cd5aba52309366806af42d56e4e6b6de6e01c2dca16ec6d5911116d28544
Assets/XML/Text/CIV4PlotListEnhancementsInfo.xml,xml,"Base rules, text and assets",893,55143,534ac6b704d8dca7bfb29547ad7c1b32e23c0ededfe26b4642659bc88f85c6c7
Assets/XML/Text/Civ4GameText_DCM.xml,xml,"Base rules, text and assets",1420,97840,2f860c825f021738e53f071d097d00cee44e6865d0a38141e88ec2d9d97e3509
Assets/XML/Text/Civ4lerts Options.xml,xml,"Base rules, text and assets",504,24028,0a4f3d2b1a8d5a188f4c55b361435ab94c8312b5d80d620bb343d1559f31b460
Assets/XML/Text/Civ4lerts_CIV4GameText.xml,xml,"Base rules, text and assets",409,23751,c84b3e1c6e44970f4febb167121e8c82415feafcc2c2a61fd1d38da50f162c29
Assets/XML/Text/Colors_CIV4GameText.xml,xml,"Base rules, text and assets",162,3985,dc0fdb817b4bc676330e81ea0f6d13577c43140270ec9d895dee54553e6306c9
Assets/XML/Text/CustDomAdv Options.xml,xml,"Base rules, text and assets",163,17937,821ec11b3c2ac60a9797f938be383e0fcf34f28c26e327a8ae8ac799e6fbe1f4
Assets/XML/Text/CustDomAdv_CIV4GameText.xml,xml,"Base rules, text and assets",298,21042,5e9093b3de34a011df9fba81253095818504051333fef993ab57b3a21293a00c
Assets/XML/Text/DynamicCivNames_CIV4GameText.xml,xml,"Base rules, text and assets",660,18019,4cec4bcd4ea821d877c9f72a48cbb8160345de6e560d0b681ca8d62717007a89
Assets/XML/Text/Eden_CIV4GameText.xml,xml,"Base rules, text and assets",64,7740,a1020acaef8c80d25326697983f56a85151be9e63e8cf5b750af70f9e5bb24c7
Assets/XML/Text/EventSigns Options.xml,xml,"Base rules, text and assets",27,1445,8bd239fa8f645feec79647f69a08f1b84ae477838d51efdb534a95f34717bb6b
Assets/XML/Text/EventSigns_CIV4GameText.xml,xml,"Base rules, text and assets",407,11893,4fe93f9893111ec7c9abcbb74e0beb6430141705b3162e721a44c10f59206732
Assets/XML/Text/GlobalWarmingTextInfos.xml,xml,"Base rules, text and assets",50,2199,f018f5bcd27cb48a5cdca46df6c9e2ecf46ff4ddb1025f07dfc80530f693c4bd
Assets/XML/Text/GovernorWorkers_CIV4GameText.xml,xml,"Base rules, text and assets",61,2729,d285a562c00a15764cd9c89c715254ed90cb7a743e2216c25e6f5c717b556059
Assets/XML/Text/HiddenAttitudes_CIV4GameText.xml,xml,"Base rules, text and assets",63,3307,c10c789c7c570183a1f628bcc5523847ed6d3c4769b353043db1a2e1d9364a82
Assets/XML/Text/Himeji_Samurai_Castle_CIV4GameText.xml,xml,"Base rules, text and assets",64,15522,7f78a5b7c5ca52036856d20b519604ea1d772555b513c22b353d17b997608c23
Assets/XML/Text/Inquisitor_CIV4GameText.xml,xml,"Base rules, text and assets",370,29051,0dd3ce3e757b675b2eb92e2ab1551b35639e34ad6d105d433719b40ad6fc6f7a
Assets/XML/Text/MapFinder Options.xml,xml,"Base rules, text and assets",264,14860,487c61de69234ea5e4819ab4087a666ff4221f9987f09c1a07ee98b733f71024
Assets/XML/Text/MapFinder_CIV4GameText.xml,xml,"Base rules, text and assets",241,11345,7ff14c78bab829d83fea65170c7e92738d8a2d0e510c613164af3996a70b0857
Assets/XML/Text/Misc Text.xml,xml,"Base rules, text and assets",22,582,529ed938ac326e394d1920b277b337bbbf6a22a8fc6f586ab79b2f8b022bdef1
Assets/XML/Text/MoreCiv4lerts Options.xml,xml,"Base rules, text and assets",443,21017,24b252c8bf7e466e242d4dfd43dea8973f035a71c897df086d295dbdbaeb20b7
Assets/XML/Text/MoreCiv4lerts_CIV4GameText.xml,xml,"Base rules, text and assets",302,17069,701f8b194bcd6d6b9be84d5e10351904bb96355960d24fba9dfa1ca5dd2817fd
Assets/XML/Text/Not Just Another Game Clock Options.xml,xml,"Base rules, text and assets",423,21386,7c2f6312e4f90285ee4fd9a99d41fcf2d0e4f958363aae8e6dc7e57f418a9fea
Assets/XML/Text/Plot List Enhancements Options.xml,xml,"Base rules, text and assets",623,45313,f21d4f25aa4682e01d5eeba52ab98b230bf977a64e8d349fdfa30a2090b943d7
Assets/XML/Text/Position_of_Score_CIV4GameText.xml,xml,"Base rules, text and assets",17,544,1991b6c51a84519777d7789e56e05096e111824b983a734cf3f7e9fdca48a666
Assets/XML/Text/REVDCMHints_CIV4GameText.xml,xml,"Base rules, text and assets",1404,137182,ef60a2949bbc045214df5cfbd7af4c3d7ba6b8f2f93592e8e684bbe6d5bd13cd
Assets/XML/Text/Reminder Options.xml,xml,"Base rules, text and assets",72,6274,e66913d22bbb87541e4ccf0f19d0f59cd504941b2ebdff640468ab8a4f753129
Assets/XML/Text/RevHelpText_CIV4GameText.xml,xml,"Base rules, text and assets",92,23508,32b51d25ba81988e7b9cf4cb68284d2e0d5d52aeb2d433c560f39630aa30b8da
Assets/XML/Text/RevTraitTag_Civ4GameTextInfos.xml,xml,"Base rules, text and assets",193,10979,736dd4ae354ad17bc566c887572ace55a7c1fd1329b3e3a45807754f53c52337
Assets/XML/Text/RevUtils_CIV4GameText.xml,xml,"Base rules, text and assets",77,4701,049db75d736a36db9d45aefa979a17aba1f281ff1a6d84ea073c992ae7d6525c
Assets/XML/Text/RevolutionDLLText_CIV4GameText.xml,xml,"Base rules, text and assets",281,15557,d74740369d6efca793b002c0e7112c8d0148a64b67229d82cdae42488306d27d
Assets/XML/Text/RevolutionScreenText_CIV4GameText.xml,xml,"Base rules, text and assets",50,1751,d57e010e8839c27d963f12225cf8ecc8f9b726d81893a48b3cd6bd66d0e2bdc3
Assets/XML/Text/RevolutionText_CIV4GameText.xml,xml,"Base rules, text and assets",4014,229330,30a0a4ef337e75d06e815502e0c51bc49d9b41332ea0374f477f173c8d16b4e7
Assets/XML/Text/Revolution_Init_CIV4GameText.xml,xml,"Base rules, text and assets",495,22143,e03acde8691cef866b81eea46bd1e0cc5edf3b397c77c4184209c1cdbbf42209
Assets/XML/Text/RoM_Apple_Civ4GameText.xml,xml,"Base rules, text and assets",35,2350,597dacec3205d9917070814e9ea7097f5eea84da6874f7cd0f7fdc2eabf6f066
Assets/XML/Text/RoM_CIV4GameText_Abyssinia.xml,xml,"Base rules, text and assets",207,89226,0c5b570d73ac7ed00181b7562d22f588046d5c822c673811344f1b20f69b40c9
Assets/XML/Text/RoM_CIV4GameText_Assyria.xml,xml,"Base rules, text and assets",778,56596,18dcf85aaa404fda0bbeac086de5dad94cbe232749d965a9c34ee64a4183c3fa
Assets/XML/Text/RoM_CIV4GameText_Events_BTS.xml,xml,"Base rules, text and assets",4527,325466,3f8cc509cf573623e6662d39c80879cb8319abf1657cc9efca1e22cacec2b767
Assets/XML/Text/RoM_CIV4GameText_Hittites.xml,xml,"Base rules, text and assets",164,83870,eb13383185fab6c1109a235e556b69e3010a26121b86f82dbae3bc6d9d50dd9d
Assets/XML/Text/RoM_CIV4GameText_Iroquois.xml,xml,"Base rules, text and assets",194,61254,7ea829eae7f35c59bdf2f35dcf987bc3a5ad70963c937bbbf0274c123b17d292
Assets/XML/Text/RoM_CIV4GameText_Marsh.xml,xml,"Base rules, text and assets",157,3656,4b3c7398af806b81c91ba11fc018ed20b1227bf404255e318e364c6793c64a4d
Assets/XML/Text/RoM_CIV4GameText_Siam.xml,xml,"Base rules, text and assets",1734,103235,84681c54ac9f6a56b8eff55fbc1be3e88999fb27c5ec8dc40e8192a7cbd4e521
Assets/XML/Text/RoM_Civ4lerts_CIV4GameText.xml,xml,"Base rules, text and assets",280,14854,3d59b8c1f461e95e5e7ec0e4cd21794536ed17d468dcbe3acf911886b2f31cbc
Assets/XML/Text/RoM_GameTextInfos_GreatPeople.xml,xml,"Base rules, text and assets",330,9891,6d617ed449d4c83ec8794d910dd08ecfdbbe626a327f6c530bc72d0a88b431b4
Assets/XML/Text/RoM_GameTextInfos_Misc.xml,xml,"Base rules, text and assets",573,198008,9df9cb068ea90b43511c06293e4ebd5c8586e0f4e96f880bfaf06efa130f9a94
Assets/XML/Text/RoM_GameTextInfos_Promotions.xml,xml,"Base rules, text and assets",5689,137918,f79c4aaf9b539dae0214d90d947ddf5f6b9d6219edbd2e5726f748cf55352c36
Assets/XML/Text/RoM_GameText_Air_units.xml,xml,"Base rules, text and assets",345,9201,fb22940f309b10427beddd4f07f949de59aff98fd3c356086665bf853d6e6a14
Assets/XML/Text/RoM_GameText_Civics.xml,xml,"Base rules, text and assets",7226,660862,0364f6f0c5fb83d238edbce308989ebfdd31d9b049f78436318e22c047167e11
Assets/XML/Text/RoM_GameText_Civilopedia.xml,xml,"Base rules, text and assets",414,107293,1a8daa76b0a830ff1b2991c22d271bf64108cc16b1c8f35453fe33b46f401067
Assets/XML/Text/RoM_GameText_Civilopedia_Bonuses.xml,xml,"Base rules, text and assets",429,152236,9abc72498cbf38cc2595f577891f87f61d89fff39d277b6c0dcc30343601c3e9
Assets/XML/Text/RoM_GameText_Civilopedia_Buildings.xml,xml,"Base rules, text and assets",2922,836935,73772ea4fe32523f35cb252cc34b0be3078c23d7f0d6a958744c60f7abb3d1d8
Assets/XML/Text/RoM_GameText_Civilopedia_CivicsReligion.xml,xml,"Base rules, text and assets",1471,306804,bb6a37fb11f79e8675a3412ed842868a74e08ef3354599597c8aafac77dd9e20
Assets/XML/Text/RoM_GameText_Civilopedia_Quotes.xml,xml,"Base rules, text and assets",3101,225936,2fbdcbab08464b345e36131c991827f5c21ad11cc4b3431d9563356a826e5af1
Assets/XML/Text/RoM_GameText_Civilopedia_Techs.xml,xml,"Base rules, text and assets",3124,1223491,cd9a2b27e8b5928e975a370f174e4aa676e03895ad94e01a2df89a550cca493f
Assets/XML/Text/RoM_GameText_Civilopedia_Units.xml,xml,"Base rules, text and assets",2715,621962,bfbf37ea2fe7abbe273f2a35a280d691606a385b455d827a296f0b3f0b8c25f5
Assets/XML/Text/RoM_GameText_DiplomacyText.xml,xml,"Base rules, text and assets",1578,108298,0ced64fa9ede8a755b2bb746299c530458c3bd48b9e1a98a35fca7d84f1a710b
Assets/XML/Text/RoM_GameText_Help.xml,xml,"Base rules, text and assets",442,20399,b690b169e9a8dc2f0daf42f54cfe59c321780b75e8f438c1931bc524dc02db08
Assets/XML/Text/RoM_GameText_Hints.xml,xml,"Base rules, text and assets",582,45289,fc53fad61b063c9d9427436192dad16d3eefdd2f275839e35e83d1ad467783de
Assets/XML/Text/RoM_GameText_Objects.xml,xml,"Base rules, text and assets",17879,598648,223322199e4d01b6160068509b98ddd5842fa60eef9e1df413a9b9f43225a4c2
Assets/XML/Text/RoM_GameText_Strategy.xml,xml,"Base rules, text and assets",9108,715545,ea07e1162d2e7c734498306d88e274016ec1e69a5fe411667feaed705ea19b8c
Assets/XML/Text/RoM_Inquisitor_CIV4GameText.xml,xml,"Base rules, text and assets",324,25637,ecce3312df7022e7047acbd02a75bf8016e0c86c6a3ba79c714c3430c3d7cd20
Assets/XML/Text/RoM_Lead_Civ4GameText.xml,xml,"Base rules, text and assets",35,13138,9ccdb587ac4dfbc682512d6a6d67e7308d57115812cfe000c2a156a6b70c1d36
Assets/XML/Text/RoM_Methane_Civ4GameText.xml,xml,"Base rules, text and assets",35,29086,d68a936785ac5eb254338dbf07a26e0769f6785d22624dcf73e066e8d808ff21
Assets/XML/Text/RoM_Nanobots_Civ4GameText.xml,xml,"Base rules, text and assets",35,936,f0e0dac7814068b63401e46627f4f3bf1106d8d68c29add8532b777f5948f308
Assets/XML/Text/RoM_Quinquereme_CIV4GameText.xml,xml,"Base rules, text and assets",50,4210,2849970307af1a50f355d8c59c87ee40dcc74afefcca5e30d6450238701bb5ab
Assets/XML/Text/RoM_Routes.xml,xml,"Base rules, text and assets",148,4072,d88b5f01cf3f884add72da1ea9966a5bd8c51239a642fae3e671e2df26a0697f
Assets/XML/Text/RoM_Rubber_Civ4GameText.xml,xml,"Base rules, text and assets",63,14397,963bb87fbf3eb149e494826a9eaeea417027d329bbcb20ffa80abd7c42f2a6ba
Assets/XML/Text/RoM_Thermal_vent_Civ4GameText.xml,xml,"Base rules, text and assets",35,999,3c938ddc20a312e6a009ff96ab7a04feb1a8211e9b315c2720c54d3bf401f636
Assets/XML/Text/RoM_Tobacco_Civ4GameText.xml,xml,"Base rules, text and assets",35,6602,20af8ee783e9da8ae864772c61a13dc6128c70ff4d18537fb6eae48ba8fa7eca
Assets/XML/Text/SentryActions_CIV4GameText.xml,xml,"Base rules, text and assets",145,7409,e53d34fc7fffa0ffed5b8d08afb21ff2b4865145e3326405e3af14bcc2ba055d
Assets/XML/Text/Sevopedia_CIV4GameText.xml,xml,"Base rules, text and assets",2610,633063,0f8006d4e60293eccf77151646f49c53e75e4939a3e5e10c2fe7a1e58b033f88
Assets/XML/Text/Shortcuts_CIV4GameText.xml,xml,"Base rules, text and assets",275,97713,9418b3b2dbcfdaf8468dbd8e3ef872396529bd55bf448d23263df8b9e2c34efd
Assets/XML/Text/Spymod_CIV4GameTextInfos.xml,xml,"Base rules, text and assets",737,29667,4a7c1dea7b05de5924b4ea54a1a00e7257800a4459f92ffea5915c52e8c63790
Assets/XML/Text/Strategy Overlay Options.xml,xml,"Base rules, text and assets",117,6267,d395da0b791d9b09ebd821f998857229e7ee399579fdb2d0fd881836bdb919da
Assets/XML/Text/Strategy1_CIV4GameText.xml,xml,"Base rules, text and assets",1870,3034369,f024c06f8298757f37b2601bf8d0b17422ae9a7b5847b6657d5378015bc1e8b9
Assets/XML/Text/Strategy2_CIV4GameText.xml,xml,"Base rules, text and assets",2017,2819904,596b4bf503f56fccd82eda2b803bc088b74e9c6d6c290ee8c7d9193df0fe237a
Assets/XML/Text/StrategyOverlay_CIV4GameText.xml,xml,"Base rules, text and assets",159,4879,f1b5942224b8285b2cd563c77c974826ce35b13888fc58e70712495cf09859ac
Assets/XML/Text/TechWindow Options.xml,xml,"Base rules, text and assets",54,4568,f0067818a361fd1f92efdf0acb2dc6959e3aaa0e3caf860637438bcb1f5f9589
Assets/XML/Text/TraitsPedia_CIV4GameText.xml,xml,"Base rules, text and assets",315,315531,31fbf6e5ca114443c188a52d7d557ed989ec4de78cd3299e28b9b05cf3efa50a
Assets/XML/Text/Unit Naming Options.xml,xml,"Base rules, text and assets",261,29285,c9663c65537c1793021c36cdf53850acea22f4e4d17584ecabbe59f024aa4e5b
Assets/XML/Text/Unit Naming.xml,xml,"Base rules, text and assets",48,1199,5f73acfa65be414463b4da0b3380d842af4f8d718cdc9fbf6b7ae14ba480cd16
Assets/XML/Text/WoC_Civ4GameTextInfos.xml,xml,"Base rules, text and assets",21,1517,f4b41511b4fd1e4a7a7a242406709c9ca92c627859a3ff8d23324252058ef103
Assets/XML/Text/WoC_Civ4GameText_Objects_BTS.xml,xml,"Base rules, text and assets",63,1826,f3207bc16770a9daf26d9b9d11213ef9da7483d304d13b01bafea7aa2693409f
Assets/XML/Units/CIV4BuildInfos.xml,xml,"Base rules, text and assets",1260,43821,1a2ed79e2e4f131e53db8ef013757f597ab1627e7155ec1fce3d4bba3e72e8ff
Assets/XML/Units/CIV4FormationInfos.xml,xml,"Base rules, text and assets",2469,77908,81be74cab619d3dfad5126000417271b9851facb642b4a53f6e4cf8d1e6acfd6
Assets/XML/Units/CIV4MissionInfos.xml,xml,"Base rules, text and assets",999,35959,c5c69ecea07faf4fc7e9a820c674ec52a0059c83070e6652af599bbc0ef848f9
Assets/XML/Units/CIV4PromotionInfos.xml,xml,"Base rules, text and assets",22122,819971,796a3c222b1514a6b7656ae5eac563709d5475d67b33e072790d69e6d5ce514a
Assets/XML/Units/CIV4SpecialUnitInfos.xml,xml,"Base rules, text and assets",86,2611,9e70d07823baa75f8085b772027148b123bbac18a7edb508b727a45dbfdad91a
Assets/XML/Units/CIV4UnitClassInfos.xml,xml,"Base rules, text and assets",2379,100410,2a8720021843027fb486c10e2d7e41f96dcd12132e90fc876cadd0522d9cf7e0
Assets/XML/Units/CIV4UnitInfos.xml,xml,"Base rules, text and assets",75340,2534896,9032d4464afbc3b9ab2dea7760919784c58f0844b0c3c38dbba21c5706fe843c
Assets/XML/Units/CIV4UnitSchema.xml,xml,"Base rules, text and assets",1167,58843,c38032b1575a3b8a694150802961fc94f0b650b8b450ecc50268931cebf4ab08
Assets/XML/Units/UN_Forces_CIV4SpecialUnitInfos.xml,xml,"Base rules, text and assets",18,619,5f3f3f8fb9278e307b035af5a49cdbb05765a68a72469a571866eb6824a9a1b8
Assets/res/Fonts/CIV4GlobalDefinesSchema.xml,xml,Other,26,1222,c0b4db15faa1bc52fcb4e9b45e84e2974852298b2fdcde9022c39f6b09acb7cc
Assets/res/Fonts/GameFont_GlobalDefines.xml,xml,Other,15,467,51a7c8694a4dcc81e93da82ce51731939f7fcd343a57713a475c60faf637a6e8
Assets/res/Fonts/MLF_CIV4ModularLoadingControls.xml,xml,Other,11,357,3ce8fea3b78887be48a1ffd027f1f9fc77bc9d36c9890f21e1d2caeae2306476
CvAltRoot.py,py,Other,41,1620,e2a9cae1a30f7600c7801dba0236070e7be012b8f3adf6d43e149c17dffd56fd
Docs/combined mods/BUG mod Info/CvAltRoot.py,py,Other,27,1063,ddd0a779bda4be08a8d395441ecad7b9a5544174437942dab981d919e92c9087
PrivateMaps/RoM_Arboria.py,py,Map generation and scenarios,351,11226,661787edf4b92253eda55df6e0aaafb3189707363eebb6e44e81a5cbbbccccfb
PrivateMaps/RoM_Archipelago.py,py,Map generation and scenarios,615,22245,21d24fbcab1c373d58d3739e3eb0117715dff0efd28dbaab672b5e1e5bf647ef
PrivateMaps/RoM_Balanced.py,py,Map generation and scenarios,130,4101,d02c816365868f235381e4286cc37e11fa63ecc40d9ef6fbf9a6739d6fa33e89
PrivateMaps/RoM_Big_and_Small.py,py,Map generation and scenarios,242,8130,835d905b83279bfae75d14279bfa3c48a74e8b823339c1bdb094f74010217568
PrivateMaps/RoM_Boreal.py,py,Map generation and scenarios,647,23532,512c36516a9d399e4dd7a23f03e4459bdccae8fd36c3cd94cee297f61fd794ef
PrivateMaps/RoM_Continents.py,py,Map generation and scenarios,122,3433,706ddeb53924cc524369613ef4d76418a30a4dbbf2e49345032a4a6b00536b1f
PrivateMaps/RoM_Custom_Continents.py,py,Map generation and scenarios,1069,63618,7a020162a846ef99334932681f5ae148b044545a5ae9e17a2501015e404b98a4
PrivateMaps/RoM_Donut.py,py,Map generation and scenarios,339,11012,4e8c52970986e608e4915565b2f63571a419d7241febdc35d64bb7da056286f9
PrivateMaps/RoM_Earth2.py,py,Map generation and scenarios,1311,45296,9691def1321621da18c2be3d9082fd9c2dccebc354195fe006797d4f2facc9a8
PrivateMaps/RoM_Fantasy_Realm.py,py,Map generation and scenarios,639,25475,c959fdfa0eebe0b9eae3550183a9c18b2bf47ba0b4c2741c73dfc3852a1404b9
PrivateMaps/RoM_Fractal.py,py,Map generation and scenarios,122,3447,5dcedea550873168eda556d1a57f9bc5582e8af2022273e0d856b9d79bedf22d
PrivateMaps/RoM_Full_of_Resources_3_00.py,py,Map generation and scenarios,20594,1096957,e76ca5b1c8be701dcd4f48332bf08e5b41db8d316d076fae51bf77a1ff32bdae
PrivateMaps/RoM_Global_Highlands.py,py,Map generation and scenarios,309,10049,e910990f53b10761e20e85a312b578eca93059dbf45d4da11841e8f072f9bdea
PrivateMaps/RoM_Great_Plains.py,py,Map generation and scenarios,1049,41979,e6f2f864718b09bd4bb130b3bc69958b231a1cf751f80eb3b46d369f5b7c8431
PrivateMaps/RoM_Hemispheres.py,py,Map generation and scenarios,518,16791,673e9d30c9989c9e5cc85eedd1b56918d9ddc3d198a008efa51662a50c09a8e2
PrivateMaps/RoM_Highlands.py,py,Map generation and scenarios,752,25479,afbf0dae3945eb00467a4a21f31a209c866e2f9e2ee71f63b51553eb53625e67
PrivateMaps/RoM_Hub.py,py,Map generation and scenarios,1228,51272,21d49bf9ec2d22178dd42cdc4cdccde8085d655f8746e63f34db0c26080fb491
PrivateMaps/RoM_Ice_Age.py,py,Map generation and scenarios,331,12222,69c1bf00e39c8cce6aacac9de22f5acf8e93e3dda8847f7dbd679651d06a1e6d
PrivateMaps/RoM_Inland_Sea.py,py,Map generation and scenarios,775,31392,05e1d7f8eca68906dd13d8247f1605015f108a4be4062152967d4628fca303fa
PrivateMaps/RoM_Islands.py,py,Map generation and scenarios,677,24993,10dd96cc1fd4cc01acb15a9981988dd5a00fc3b705bd3fad008909d909baebd8
PrivateMaps/RoM_Lakes.py,py,Map generation and scenarios,220,7122,7a78be8508d789c243e958564cfdbba21e72c9e3bde2caf3ec84f4438de1eb89
PrivateMaps/RoM_Maze.py,py,Map generation and scenarios,389,11355,1fd127e738e7f5ea78a404c361ed4f0698b8d1912b0d8d185d1e675fcff1a78d
PrivateMaps/RoM_Medium_and_Small.py,py,Map generation and scenarios,352,12216,9c9e0bba596c93ba36fc790bc004180d8255608ad477674792637cc74c682339
PrivateMaps/RoM_Mirror.py,py,Map generation and scenarios,876,29369,a33132a5d0b970c4d192329d3c633c9f002b88c988b947cad62f2b4c39f895b7
PrivateMaps/RoM_Oasis.py,py,Map generation and scenarios,1010,40121,bbbaf6830c3aff34fa5d521944ff29f499afb00c58f6088fe5556a4aebd41aae
PrivateMaps/RoM_Pangaea.py,py,Map generation and scenarios,635,22564,6580e83f9c081327c507d3b6b18bad3dc77ae3dcf2372942a397167beb3ac18c
PrivateMaps/RoM_PerfectWorld.py,py,Map generation and scenarios,4453,194225,0550ada8603415d7f2b116f124c48d01dcf2769a054885b00c95151f6d862d18
PrivateMaps/RoM_PerfectWorld2.py,py,Map generation and scenarios,5653,240031,10b1ee4bae4a8773b55a01700e78b2a49bc96a0f20919f1535b047c8b94396b7
PrivateMaps/RoM_Planet_Generator_0_68.py,py,Map generation and scenarios,3879,130579,7d65b3ac10ad53ce533ba20a8bec05eb97fc389d65a7f78f6be9b35fb2a09182
PrivateMaps/RoM_Rainforest.py,py,Map generation and scenarios,714,25998,98f5fa1a00500f7bdba7bf12bc250aa7e4e0d8a2695aaf8f27713d6bb6bb48f0
PrivateMaps/RoM_RandomScriptMap.py,py,Map generation and scenarios,2299,96274,ec0b3fb56039eec39c7cffab7892e044d93af4a484da104f85af9867a529abb4
PrivateMaps/RoM_Ring.py,py,Map generation and scenarios,1193,47778,b8f55419df24299b76172ea95c5e78026205335280994dd7c9680b499458d958
PrivateMaps/RoM_Shuffle.py,py,Map generation and scenarios,138,4012,0147a4949c7112beeb90fb55af2bc4239b6d0977fd55808bef875e3d022246a5
PrivateMaps/RoM_SmartMap.py,py,Map generation and scenarios,6177,942185,96068de882c661b4f2b2cae8f3c789fc900c8c4b2bb0c73f91f738599cc4581e
PrivateMaps/RoM_Team_Battleground.py,py,Map generation and scenarios,784,24990,5c7c985889dd6d2357bc1d650ee7bec99169abcfe7d0626733016ded7391bcd4
PrivateMaps/RoM_Tectonics.py,py,Map generation and scenarios,1545,56943,94fb40aead7c150c31ef574e40682fedf2694a5e03151ddbfa3e4e47993ce6ea
PrivateMaps/RoM_Terra.py,py,Map generation and scenarios,569,20729,d50ac66fae07cdeb741dcb76bc985df3aa8cc51e8e277096219710dd1db8129a
PrivateMaps/RoM_Tilted_Axis.py,py,Map generation and scenarios,232,8063,e3143367a517b5d60fa8b08f55a36348f353b5c2d9c51c4f7b75534880de050c
PrivateMaps/RoM_Wheel.py,py,Map generation and scenarios,1381,59505,038261be5daa1beff5fd0f170c0e6a81a5cf57430720c543b600d33ae4011b1a
Tools/SettlementModel/combine_autorun_csv.py,py,Host tools and regressions,351,15140,7c0983f710e3e6801562f7cf02395a66df982858e7e68b9c2e1f0423fea88df6
Tools/SettlementModel/train_pairwise_ranker.py,py,Host tools and regressions,267,14065,4924de00ca02335071108dd4cac5e9f5c6ee1ee04395083ae9438d0d64b33b60
Tools/analyze_rom_save_header.py,py,Host tools and regressions,98,3219,4f59f9fce48ffd436ec8a529e792b1834bf27121a39c313794cb745b9e770a97
Tools/check_dll_line_endings.py,py,Host tools and regressions,94,2838,f0c0177364ff42ce96f8c293366b55d17e0d110840c28d3032d8567ea712212f
Tools/run_regression_suite.py,py,Host tools and regressions,72,2609,2f2f7bdd4159eee400a78cd6a0894bf6a0ad51e7cc558d402939d16d9594cd82
Tools/test_ai_agenda_model.py,py,Host tools and regressions,252,12066,b4f9ab54f4b44b2e14ebc9020cad7b010ee510f55a3621b4b7d5a9ec760bae57
Tools/test_ai_context.py,py,Host tools and regressions,180,7315,bbee62feb11d2e6ffce1fdb9abccef23da7df84f50cf2813094939237a322c9f
Tools/test_ai_decisions.py,py,Host tools and regressions,181,10747,9ab588d4338886bd99544fca23626259ce6f5361a81e8615a72c7a651362df3a
Tools/test_ai_diplomacy.py,py,Host tools and regressions,66,2624,be6b6bf10d61d7122c5a06542386293d84688aa94f33db81c84e6ac9130e67e4
Tools/test_ai_economic_recovery.py,py,Host tools and regressions,99,4014,5b00922dead7370d9a6e7947317ea1da69e8caaf04df4577ea8fb3abb2e7824e
Tools/test_ai_governors.py,py,Host tools and regressions,101,4489,c5672a1655def8b768bc67b41c0290ab786a645e71127b7bd65acdda74abdca4
Tools/test_ai_layer_contracts.py,py,Host tools and regressions,61,2438,80c8c61683d7e8841e9f499652a68594cb980115bc8220160c5eb144e3806252
Tools/test_ai_load_override.py,py,Host tools and regressions,43,1644,9f32875fa05ffa0a92073976696218aa8bd88f4cc2014c6eae83a545643c6ed7
Tools/test_ai_maritime.py,py,Host tools and regressions,112,6069,347d7e2713a8eaf58049f09a53462496d98da44829cf6bdb68d8efcc233b6f1b
Tools/test_ai_reinforcements.py,py,Host tools and regressions,83,3603,74bfadea64554ad245ae9f7d6d3f707fee4807003aeb0083d7ea944c89c7b01e
Tools/test_source_integrity.py,py,Host tools and regressions,17,763,fb1773ef201ac7b4db44e1e48a722c55cacfd270e1fdea0c852f04de1ff8c850
Tools/test_victory_conditions.py,py,Host tools and regressions,211,10549,4e36885ffd3ab8d248dc7a678c4e71b36c78f596029c1ce2e2c091d22423954b
Tools/test_xml_integrity.py,py,Host tools and regressions,23,813,f5dd0d482d7255b0024d00228fcd1cefd73427eb744f96c049647f597a1b6552
